Mes,ID_Máquina,ID_Producto_principal,Días_operación,Horas_programadas,Parada_programada_h,Parada_operacional_h,Parada_no_programada_h,Tiempo_operativo_h,Cantidad_programada,Producción_total,Rechazadas_total,Aprobadas_total,%_Defectuosas,D01,D02,D03,D04,D05,D06,D07,D08,D09,ID_Defecto_principal,ID_Causa_principal,F01,F02,F03,F04,F05,F06,F07,F08,F09,F10,F11,F14,Total_eventos,Parada_NP_min,ID_Falla_principal,Paros_auto_hilo,Escalamientos,actividades_mantenimiento,actividades_correctivas,duracion_correctiva_min,reincidencias,mes_num,criticidad_amef,eventos_por_1000_piezas,parada_min_por_evento,objetivo_Total_eventos,objetivo_Parada_NP_min,objetivo_%_Defectuosas,objetivo_Escalamientos,objetivo_reincidencias,objetivo_criticidad_amef,Mes_objetivo,rank_Total_eventos,rank_Parada_NP_min,rank_%_Defectuosas,rank_Escalamientos,rank_reincidencias,rank_criticidad_amef,puntaje_riesgo_objetivo,riesgo_mes_siguiente
2025-01,M01,P03,27,270,14.17,1.38,3.32,251.13,22869,21780,419,21361,0.01923783287419651,96,14,77,53,20,26,37,16,80,D01,C09,5,8,27,6,3,2,1,9,4,3,1,0,69,199.21,F03,27,1,76,21,60.63,2,1,15060.0,3.1680440771349865,2.8871014492753626,64.0,160.97,0.024011954449425464,1.0,2.0,15470.0,2025-02,0.022727272727272728,0.05454545454545454,0.19696969696969696,0.3878787878787879,0.30303030303030304,0.06363636363636363,0.17146464646464646,bajo
2025-02,M01,P03,24,240,12.15,1.3,2.68,223.87,20365,19407,466,18941,0.024011954449425464,90,6,74,106,24,71,13,35,47,D04,C01,5,3,24,3,10,4,0,8,3,3,1,0,64,160.97,F03,24,1,63,15,37.73,2,2,15470.0,3.2977791518524247,2.51515625,86.0,280.63,0.027965007887566326,2.0,2.0,19126.0,2025-03,0.346969696969697,0.47575757575757577,0.41818181818181815,0.5621212121212121,0.30303030303030304,0.3424242424242424,0.4080808080808081,medio
2025-03,M01,P03,26,260,13.16,1.33,4.68,240.83,22070,20919,585,20334,0.027965007887566326,80,80,122,70,58,22,18,28,107,D03,C10,5,4,38,7,8,2,5,5,2,8,2,0,86,280.63,F03,38,2,73,21,68.53,2,3,19126.0,4.111095176633682,3.2631395348837207,94.0,275.76,0.028709739263803682,1.0,2.0,20154.0,2025-04,0.5424242424242425,0.46060606060606063,0.46060606060606063,0.3878787878787879,0.30303030303030304,0.4696969696969697,0.4373737373737374,medio
2025-04,M01,P03,26,260,13.16,1.4,4.6,240.85,22062,20864,599,20265,0.028709739263803682,140,71,152,59,37,46,0,19,75,D03,C01,8,3,39,13,7,5,4,8,1,5,1,0,94,275.76,F03,39,1,70,18,52.8,2,4,20154.0,4.505368098159509,2.9336170212765955,61.0,196.95,0.021691277630010088,3.0,1.0,14290.0,2025-05,0.004545454545454545,0.19393939393939394,0.11212121212121212,0.740909090909091,0.04696969696969697,0.015151515151515152,0.18560606060606058,bajo
2025-05,M01,P03,27,270,13.17,1.34,3.28,252.21,22971,21806,473,21333,0.021691277630010088,80,4,115,59,4,62,29,60,60,D03,C05,6,1,21,6,8,6,3,4,3,0,3,0,61,196.95,F03,21,3,66,13,41.97,1,5,14290.0,2.7973952123268826,3.2286885245901638,75.0,352.44,0.026118840725300116,4.0,2.0,17782.0,2025-06,0.10151515151515152,0.7181818181818181,0.3333333333333333,0.8833333333333333,0.30303030303030304,0.21818181818181817,0.4262626262626263,medio
2025-06,M01,P03,25,250,13.16,1.28,5.87,229.69,21175,19909,520,19389,0.026118840725300116,162,8,119,46,14,20,0,112,39,D01,C01,11,2,28,8,9,4,3,3,1,2,4,0,75,352.44,F03,28,4,71,20,93.98,2,6,17782.0,3.7671404892259783,4.6992,87.0,329.05,0.02410751397035053,4.0,2.0,18380.0,2025-07,0.36818181818181817,0.6606060606060606,0.2,0.8833333333333333,0.30303030303030304,0.2803030303030303,0.4492424242424243,medio
2025-07,M01,P03,27,270,13.17,1.81,5.48,249.54,22925,21653,522,21131,0.02410751397035053,52,57,132,56,10,56,5,75,79,D03,C10,5,2,37,12,5,4,5,6,2,5,4,0,87,329.05,F03,37,4,71,18,68.08,2,7,18380.0,4.017918995058421,3.782183908045977,74.0,238.63,0.025225741722803497,2.0,2.0,16900.0,2025-08,0.08787878787878788,0.3484848484848485,0.2727272727272727,0.5621212121212121,0.30303030303030304,0.14545454545454545,0.2866161616161616,bajo
2025-08,M01,P03,26,260,13.16,1.51,3.98,241.35,22051,20931,528,20403,0.025225741722803497,158,10,105,57,26,39,32,49,52,D01,C01,8,2,27,11,5,4,1,7,2,5,2,0,74,238.63,F03,27,2,71,19,61.27,2,8,16900.0,3.5354259232717022,3.2247297297297295,69.0,231.67,0.02199273283610633,1.0,1.0,16136.0,2025-09,0.03939393939393939,0.3151515151515151,0.12727272727272726,0.3878787878787879,0.04696969696969697,0.09090909090909091,0.16792929292929293,bajo
2025-09,M01,P03,26,260,13.16,1.33,3.86,241.65,22069,20916,460,20456,0.02199273283610633,57,72,103,29,53,32,8,33,73,D03,C10,3,1,28,7,11,2,3,5,1,7,1,0,69,231.67,F03,28,1,65,13,43.65,1,9,16136.0,3.2989099254159497,3.357536231884058,81.0,167.97,0.022686649250653102,1.0,1.0,17536.0,2025-10,0.21818181818181817,0.0696969696969697,0.14545454545454545,0.3878787878787879,0.04696969696969697,0.20303030303030303,0.17853535353535355,bajo
2025-10,M01,P03,27,270,14.17,1.41,2.8,251.62,22875,21819,495,21324,0.022686649250653102,114,19,160,56,3,32,0,28,83,D03,C05,7,2,38,8,9,2,2,8,1,3,1,0,81,167.97,F03,38,1,69,14,29.03,1,10,17536.0,3.7123607864705073,2.073703703703704,64.0,169.36,0.020752205846108346,1.0,1.0,14124.0,2025-11,0.022727272727272728,0.07878787878787878,0.08787878787878788,0.3878787878787879,0.04696969696969697,0.012121212121212121,0.10606060606060606,bajo
2025-11,M01,P03,25,250,12.15,1.29,2.82,233.73,21269,20287,421,19866,0.020752205846108346,9,23,107,46,39,77,0,26,94,D03,C10,1,1,24,8,10,5,2,9,0,3,1,0,64,169.36,F03,24,1,55,6,15.88,1,11,14124.0,3.154729629812195,2.64625,71.0,142.61,0.018613607188703467,0.0,1.0,15802.0,2025-12,0.05606060606060606,0.01818181818181818,0.03333333333333333,0.15151515151515152,0.04696969696969697,0.07272727272727272,0.06313131313131314,bajo
2025-01,M02,P03,27,270,14.17,1.61,3.0,251.22,22851,21801,513,21288,0.02353103068666575,43,30,139,67,17,108,0,34,75,D03,C05,4,3,34,8,9,3,2,8,0,3,1,0,75,179.94,F03,34,1,66,11,26.39,1,1,15916.0,3.440209164717215,2.3992,97.0,397.67,0.03213740055845319,3.0,3.0,21320.0,2025-02,0.6181818181818182,0.8272727272727273,0.6090909090909091,0.740909090909091,0.6439393939393939,0.5969696969696969,0.6727272727272728,alto
2025-02,M02,P03,24,240,12.15,1.05,6.63,220.17,20386,18981,610,18371,0.03213740055845319,116,35,150,61,28,62,38,32,88,D03,C01,8,3,47,6,9,1,4,8,3,5,2,1,97,397.67,F03,47,3,70,22,90.19,3,2,21320.0,5.110373531426164,4.099690721649485,87.0,167.2,0.025436219274473447,1.0,2.0,19380.0,2025-03,0.36818181818181817,0.06363636363636363,0.29393939393939394,0.3878787878787879,0.30303030303030304,0.3787878787878788,0.29924242424242425,bajo
2025-03,M02,P03,26,260,13.16,1.37,2.79,242.68,22067,21033,535,20498,0.025436219274473447,114,24,143,64,9,72,8,29,72,D03,C01,7,1,39,5,11,4,2,13,2,2,1,0,87,167.2,F03,39,1,65,13,24.98,2,3,19380.0,4.136357153045215,1.92183908045977,82.0,235.8,0.02804544800805408,1.0,2.0,19296.0,2025-04,0.24848484848484848,0.3303030303030303,0.42727272727272725,0.3878787878787879,0.30303030303030304,0.37272727272727274,0.34494949494949495,bajo
2025-04,M02,P03,26,260,13.16,1.49,3.93,241.42,22054,20859,585,20274,0.02804544800805408,125,69,111,58,64,56,0,31,71,D01,C10,7,2,29,9,9,5,4,7,2,7,1,0,82,235.8,F03,29,1,71,19,54.64,2,4,19296.0,3.9311568148041616,2.8756097560975613,64.0,187.78,0.020518705531328896,2.0,1.0,12928.0,2025-05,0.022727272727272728,0.16363636363636364,0.0696969696969697,0.5621212121212121,0.04696969696969697,0.006060606060606061,0.14520202020202022,bajo
2025-05,M02,P03,27,270,13.17,1.43,3.13,252.28,22963,21785,447,21338,0.020518705531328896,48,7,103,44,27,97,19,51,51,D03,C12,3,2,29,10,4,2,1,8,1,2,2,0,64,187.78,F03,29,2,63,10,29.34,1,5,12928.0,2.937801239384898,2.9340625,84.0,335.76,0.04050658357623882,3.0,3.0,19246.0,2025-06,0.29848484848484846,0.6787878787878788,0.8454545454545455,0.740909090909091,0.6439393939393939,0.3696969696969697,0.5962121212121212,medio
2025-06,M02,P03,25,250,13.16,1.18,5.6,230.06,21185,19898,806,19092,0.04050658357623882,118,116,138,91,58,91,0,80,114,D03,C10,6,1,34,8,4,5,1,9,3,10,3,0,84,335.76,F03,34,3,74,23,91.94,3,6,19246.0,4.221529801990149,3.997142857142857,95.0,226.73,0.033104654910447076,2.0,2.0,21968.0,2025-07,0.5666666666666667,0.29393939393939394,0.6484848484848484,0.5621212121212121,0.30303030303030304,0.6515151515151515,0.5042929292929293,medio
2025-07,M02,P03,27,270,13.17,1.57,3.78,251.48,22949,21719,719,21000,0.033104654910447076,162,33,181,71,22,125,0,39,86,D03,C01,11,1,40,7,11,4,3,10,2,4,2,0,95,226.73,F03,40,2,73,20,47.73,2,7,21968.0,4.374050370643216,2.386631578947368,71.0,374.2,0.020748890175641767,3.0,1.0,14884.0,2025-08,0.05606060606060606,0.7818181818181819,0.08484848484848485,0.740909090909091,0.04696969696969697,0.03333333333333333,0.29065656565656567,bajo
2025-08,M02,P03,26,260,13.16,1.13,6.24,239.47,22089,20724,430,20294,0.020748890175641767,24,32,102,85,42,44,27,34,40,D03,C10,2,1,34,6,5,2,2,10,2,4,2,1,71,374.2,F03,34,3,64,12,63.24,1,8,14884.0,3.425979540629222,5.270422535211267,81.0,178.17,0.025388947217714994,0.0,2.0,17202.0,2025-09,0.21818181818181817,0.11212121212121212,0.2878787878787879,0.15151515151515152,0.30303030303030304,0.1606060606060606,0.20555555555555557,bajo
2025-09,M02,P03,26,260,13.16,1.3,2.97,242.57,22076,20954,532,20422,0.025388947217714994,90,33,154,49,44,73,8,0,81,D03,C10,7,0,36,13,6,2,3,8,1,5,0,0,81,178.17,F03,36,0,65,13,28.59,2,9,17202.0,3.8656103846520953,2.1996296296296296,89.0,306.51,0.027476600871096282,2.0,2.0,19442.0,2025-10,0.4318181818181818,0.5757575757575758,0.396969696969697,0.5621212121212121,0.30303030303030304,0.39090909090909093,0.4434343434343435,medio
2025-10,M02,P03,27,270,14.17,1.49,5.11,249.23,22866,21582,593,20989,0.027476600871096282,127,73,111,48,14,53,0,36,131,D09,C10,6,1,36,11,5,4,6,9,0,9,2,0,89,306.51,F03,36,2,73,18,61.99,2,10,19442.0,4.1238068761004545,3.4439325842696626,83.0,210.13,0.02195895707346089,2.0,3.0,18220.0,2025-11,0.2727272727272727,0.24545454545454545,0.12424242424242424,0.5621212121212121,0.6439393939393939,0.2545454545454545,0.3505050505050505,bajo
2025-11,M02,P03,25,250,12.15,1.17,3.5,233.18,21279,20174,443,19731,0.02195895707346089,142,4,147,20,13,29,11,25,52,D03,C01,10,4,34,9,4,5,1,9,1,4,2,0,83,210.13,F03,34,2,70,21,53.16,3,11,18220.0,4.114206404282741,2.5316867469879516,94.0,339.56,0.036016358397620594,3.0,3.0,22508.0,2025-12,0.5424242424242425,0.693939393939394,0.7575757575757576,0.740909090909091,0.6439393939393939,0.696969696969697,0.6792929292929294,alto
2025-01,M03,P03,27,270,14.17,1.53,4.48,249.81,22861,21587,656,20931,0.030388659841571315,128,45,144,37,20,102,14,23,143,D03,C10,8,6,42,12,4,6,3,13,1,6,1,0,102,269.03,F03,42,1,77,22,58.03,3,1,21470.0,4.725066011951638,2.637549019607843,88.0,204.49,0.030645749726377236,0.0,2.0,19202.0,2025-02,0.3984848484848485,0.22424242424242424,0.5515151515151515,0.15151515151515152,0.30303030303030304,0.3575757575757576,0.3310606060606061,bajo
2025-02,M03,P03,24,240,12.15,1.55,3.41,222.89,20344,19187,588,18599,0.030645749726377236,59,47,162,114,21,79,26,0,80,D03,C10,3,2,31,18,9,1,5,10,5,4,0,0,88,204.49,F03,31,0,62,14,32.53,2,2,19202.0,4.5864387345598585,2.32375,101.0,377.41,0.03574555004377006,3.0,3.0,23400.0,2025-03,0.696969696969697,0.7848484848484848,0.7454545454545455,0.740909090909091,0.6439393939393939,0.7333333333333333,0.7242424242424242,alto
2025-03,M03,P03,26,260,13.16,1.48,6.29,239.07,22056,20562,735,19827,0.03574555004377006,73,103,177,80,47,61,20,55,119,D03,C10,4,4,38,9,11,2,6,11,4,9,3,0,101,377.41,F03,38,3,76,24,89.68,3,3,23400.0,4.911973543429628,3.736732673267327,101.0,259.93,0.031047865459249677,1.0,3.0,21854.0,2025-04,0.696969696969697,0.42424242424242425,0.5666666666666667,0.3878787878787879,0.6439393939393939,0.6454545454545455,0.5608585858585858,medio
2025-04,M03,P03,26,260,13.16,1.27,4.33,241.23,22075,20871,648,20223,0.031047865459249677,151,38,147,66,37,111,20,18,60,D01,C01,9,3,44,11,7,5,3,10,3,5,1,0,101,259.93,F03,44,1,73,21,54.04,3,4,21854.0,4.8392506348521875,2.573564356435644,91.0,309.1,0.030549236269093272,4.0,2.0,19682.0,2025-05,0.47878787878787876,0.5878787878787879,0.5484848484848485,0.8833333333333333,0.30303030303030304,0.40606060606060607,0.5345959595959596,medio
2025-05,M03,P03,27,270,13.17,1.38,5.15,250.3,22966,21539,658,20881,0.030549236269093272,108,2,162,77,23,33,25,126,102,D03,C11,6,2,34,14,6,5,2,13,2,3,4,0,91,309.1,F03,34,4,70,17,57.74,2,5,19682.0,4.22489437764056,3.396703296703297,96.0,412.78,0.0382391723298509,3.0,4.0,22112.0,2025-06,0.5924242424242424,0.8515151515151516,0.796969696969697,0.740909090909091,0.8393939393939394,0.6696969696969697,0.7484848484848484,alto
2025-06,M03,P03,25,250,13.16,1.35,6.88,228.61,21167,19718,754,18964,0.0382391723298509,78,83,129,76,57,90,40,66,135,D09,C10,6,2,42,5,8,5,5,5,4,11,3,0,96,412.78,F03,42,3,77,26,111.79,4,6,22112.0,4.868647935896135,4.299791666666667,107.0,331.08,0.02719985172142162,3.0,3.0,22074.0,2025-07,0.7651515151515151,0.6696969696969697,0.3787878787878788,0.740909090909091,0.6439393939393939,0.6666666666666666,0.6441919191919192,medio
2025-07,M03,P03,27,270,13.17,1.21,5.52,250.1,22980,21581,587,20994,0.02719985172142162,45,42,169,45,53,39,6,71,117,D03,C10,3,5,47,13,4,2,5,14,3,8,3,0,107,331.08,F03,47,3,75,22,68.07,3,7,22074.0,4.958064964552152,3.0942056074766353,97.0,350.6,0.0327028203763727,2.0,3.0,21046.0,2025-08,0.6181818181818182,0.7121212121212122,0.6363636363636364,0.5621212121212121,0.6439393939393939,0.5696969696969697,0.6237373737373738,medio
2025-08,M03,P03,26,260,13.16,1.38,5.84,239.62,22064,20671,676,19995,0.0327028203763727,49,73,176,94,18,106,26,33,101,D03,C10,2,4,39,14,8,3,5,7,5,8,2,0,97,350.6,F03,39,2,73,21,75.9,3,8,21046.0,4.692564462290165,3.6144329896907217,96.0,1136.99,0.039815289892252435,4.0,4.0,22142.0,2025-09,0.5924242424242424,1.0,0.8303030303030303,0.8833333333333333,0.8393939393939394,0.6787878787878788,0.804040404040404,alto
2025-09,M03,P03,26,260,13.16,1.26,18.95,226.63,22079,19490,776,18714,0.039815289892252435,153,46,176,70,47,67,43,68,106,D03,C10,9,5,40,9,9,1,3,6,4,6,2,2,96,1136.99,F03,40,4,80,28,331.62,4,9,22142.0,4.925602873268343,11.843645833333333,106.0,334.93,0.03883630938505292,3.0,3.0,24102.0,2025-10,0.753030303030303,0.6757575757575758,0.8090909090909091,0.740909090909091,0.6439393939393939,0.7636363636363637,0.7310606060606061,alto
2025-10,M03,P03,27,270,14.17,1.27,5.58,248.97,22882,21449,833,20616,0.03883630938505292,105,70,184,130,14,87,76,68,99,D03,C10,6,1,46,11,13,2,2,10,7,5,3,0,106,334.93,F03,46,3,77,22,69.51,3,10,24102.0,4.9419553359130965,3.1597169811320756,77.0,241.26,0.029411764705882353,2.0,2.0,16544.0,2025-11,0.13484848484848486,0.36363636363636365,0.49393939393939396,0.5621212121212121,0.30303030303030304,0.11515151515151516,0.3287878787878788,bajo
2025-11,M03,P03,25,250,12.15,1.24,4.02,232.59,21270,20026,589,19437,0.029411764705882353,68,59,141,63,30,68,0,76,84,D03,C10,3,2,35,8,10,5,0,8,0,4,2,0,77,241.26,F03,35,2,60,11,34.47,2,11,16544.0,3.8450014980525316,3.133246753246753,101.0,316.33,0.03507056029062457,3.0,4.0,22130.0,2025-12,0.696969696969697,0.6121212121212121,0.7212121212121212,0.740909090909091,0.8393939393939394,0.6727272727272727,0.7138888888888889,alto
2025-01,M04,P03,27,270,14.17,1.5,6.46,247.87,22866,21245,1021,20224,0.04805836667451165,251,62,173,175,18,55,54,135,98,D01,C01,12,4,50,15,12,3,5,17,9,4,5,0,136,387.44,F03,50,5,89,34,96.86,6,1,31440.0,6.401506236761591,2.8488235294117645,109.0,347.96,0.03316609453393187,3.0,4.0,25006.0,2025-02,0.7863636363636364,0.703030303030303,0.6545454545454545,0.740909090909091,0.8393939393939394,0.8151515151515152,0.7565656565656566,alto
2025-02,M04,P03,24,240,12.15,1.33,5.8,220.72,20361,18935,628,18307,0.03316609453393187,86,21,165,116,42,33,30,50,85,D03,C09,7,2,43,12,14,6,2,10,5,5,3,0,109,347.96,F03,43,3,70,22,70.23,4,2,25006.0,5.756535516239767,3.1922935779816513,112.0,370.8,0.037240774997565965,3.0,4.0,25060.0,2025-03,0.8242424242424242,0.7666666666666667,0.7909090909090909,0.740909090909091,0.8393939393939394,0.8181818181818182,0.7967171717171717,alto
2025-03,M04,P03,26,260,13.16,1.12,6.18,239.53,22087,20542,765,19777,0.037240774997565965,142,58,178,88,25,33,9,86,146,D03,C10,8,4,46,10,11,2,8,11,2,7,3,0,112,370.8,F03,46,3,76,24,79.46,4,3,25060.0,5.45224418265018,3.310714285714286,110.0,386.52,0.04220210280373832,3.0,3.0,24154.0,2025-04,0.7984848484848485,0.8090909090909091,0.8818181818181818,0.740909090909091,0.6439393939393939,0.7696969696969697,0.7739898989898991,alto
2025-04,M04,P03,26,260,13.16,1.19,6.44,239.2,22084,20544,867,19677,0.04220210280373832,88,85,248,104,36,110,0,92,104,D03,C05,5,2,46,13,15,5,8,6,1,6,3,0,110,386.52,F03,46,3,69,17,59.74,3,4,24154.0,5.354361370716511,3.5138181818181815,125.0,419.34,0.035545798495959645,4.0,3.0,25738.0,2025-05,0.9181818181818182,0.8696969696969697,0.7393939393939394,0.8833333333333333,0.6439393939393939,0.8484848484848485,0.8171717171717172,alto
2025-05,M04,P03,27,270,13.17,1.05,6.99,248.8,22994,21409,761,20648,0.035545798495959645,87,29,238,60,20,90,0,100,137,D03,C05,5,6,58,12,12,6,7,10,0,5,4,0,125,419.34,F03,58,4,73,20,67.09,3,5,25738.0,5.838665981596526,3.35472,111.0,287.5,0.04032543332154227,1.0,3.0,24770.0,2025-06,0.8136363636363636,0.49393939393939396,0.8424242424242424,0.3878787878787879,0.6439393939393939,0.806060606060606,0.6646464646464646,alto
2025-06,M04,P03,25,250,13.16,1.28,4.79,230.77,21176,19789,798,18991,0.04032543332154227,162,89,206,102,26,67,9,39,98,D03,C01,8,2,39,18,10,2,6,17,2,6,1,0,111,287.5,F03,39,1,70,19,49.21,3,6,24770.0,5.609176815402496,2.59009009009009,117.0,473.15,0.04409204272740106,5.0,5.0,27780.0,2025-07,0.853030303030303,0.9272727272727272,0.9151515151515152,0.9621212121212122,0.9378787878787879,0.9121212121212121,0.9179292929292928,alto
2025-07,M04,P03,27,270,13.17,1.12,7.89,247.83,22988,21251,937,20314,0.04409204272740106,108,76,193,85,34,98,63,146,134,D03,C10,6,1,46,12,13,3,4,8,7,12,5,0,117,473.15,F03,46,5,84,31,125.37,5,7,27780.0,5.505623264787539,4.044017094017094,136.0,410.6,0.053990724920673666,3.0,5.0,32410.0,2025-08,0.9848484848484849,0.8484848484848485,0.9939393939393939,0.740909090909091,0.9378787878787879,0.996969696969697,0.9171717171717172,alto
2025-08,M04,P03,26,260,13.16,1.2,6.84,238.79,22083,20485,1106,19379,0.053990724920673666,271,127,155,90,53,96,27,74,213,D01,C01,17,2,46,12,12,9,8,16,2,9,3,0,136,410.6,F03,46,3,85,33,99.63,5,8,32410.0,6.639004149377593,3.019117647058824,114.0,319.58,0.04270272890310697,3.0,4.0,24516.0,2025-09,0.8303030303030303,0.6212121212121212,0.8909090909090909,0.740909090909091,0.8393939393939394,0.7878787878787878,0.7851010101010102,alto
2025-09,M04,P03,26,260,13.16,1.3,5.33,240.21,22071,20631,881,19750,0.04270272890310697,143,41,184,141,31,120,27,63,131,D03,C01,6,5,51,10,11,3,7,9,5,4,3,0,114,319.58,F03,51,3,75,23,64.48,4,9,24516.0,5.525665261014978,2.8033333333333332,129.0,445.8,0.04105530474040632,3.0,5.0,29438.0,2025-10,0.9590909090909091,0.9,0.8636363636363636,0.740909090909091,0.9378787878787879,0.9606060606060606,0.8936868686868688,alto
2025-10,M04,P03,27,270,14.17,1.41,7.43,246.99,22873,21264,873,20391,0.04105530474040632,98,51,259,130,89,17,15,60,154,D03,C05,4,9,48,13,17,0,10,12,3,10,3,0,129,445.8,F03,48,3,84,29,100.22,5,10,29438.0,6.066591422121896,3.4558139534883723,98.0,248.81,0.03316633266533066,0.0,3.0,20744.0,2025-11,0.6454545454545455,0.3878787878787879,0.6575757575757576,0.15151515151515152,0.6439393939393939,0.5181818181818182,0.5007575757575757,medio
2025-11,M04,P03,25,250,12.15,1.11,4.15,232.59,21278,19960,662,19298,0.03316633266533066,90,87,165,38,44,105,0,0,133,D03,C10,6,2,45,11,9,2,9,6,1,7,0,0,98,248.81,F03,45,0,65,16,40.62,3,11,20744.0,4.909819639278557,2.5388775510204082,119.0,328.28,0.04230031350896074,2.0,4.0,26840.0,2025-12,0.8787878787878788,0.6545454545454545,0.8878787878787879,0.5621212121212121,0.8393939393939394,0.8696969696969697,0.782070707070707,alto
2025-01,M05,P03,27,270,14.17,1.55,4.77,249.51,22858,21620,463,21157,0.02141535615171138,44,40,92,23,37,59,22,59,87,D03,C10,3,1,34,5,5,4,3,9,2,4,3,0,73,286.18,F03,34,3,68,13,50.96,1,1,15456.0,3.3765032377428303,3.92027397260274,68.0,148.75,0.027684346701164295,0.0,2.0,15160.0,2025-02,0.03484848484848485,0.03636363636363636,0.4090909090909091,0.15151515151515152,0.30303030303030304,0.03939393939393939,0.16237373737373736,bajo
2025-02,M05,P03,24,240,12.15,1.37,2.48,224.0,20362,19325,535,18790,0.027684346701164295,105,32,94,95,22,78,68,0,41,D01,C09,4,5,27,6,7,3,3,6,4,3,0,0,68,148.75,F03,27,0,64,16,35.0,2,2,15160.0,3.51875808538163,2.1875,79.0,220.59,0.025643469971401333,1.0,1.0,18232.0,2025-03,0.17424242424242425,0.2787878787878788,0.30606060606060603,0.3878787878787879,0.04696969696969697,0.26515151515151514,0.24318181818181817,bajo
2025-03,M05,P03,26,260,13.16,1.23,3.68,241.93,22080,20980,538,20442,0.025643469971401333,60,46,134,64,28,77,0,36,93,D03,C10,4,2,32,8,14,1,5,6,2,4,1,0,79,220.59,F03,32,1,65,13,36.3,1,3,18232.0,3.765490943755958,2.792278481012658,79.0,216.89,0.02265557786062518,0.0,2.0,16894.0,2025-04,0.17424242424242425,0.2636363636363636,0.14242424242424243,0.15151515151515152,0.30303030303030304,0.14242424242424243,0.1962121212121212,bajo
2025-04,M05,P03,26,260,13.16,1.38,3.61,241.84,22068,20922,474,20448,0.02265557786062518,68,53,130,58,43,25,5,0,92,D03,C10,4,3,33,10,6,4,5,6,1,7,0,0,79,216.89,F03,33,0,67,15,41.18,2,4,16894.0,3.7759296434375296,2.7454430379746833,88.0,258.37,0.03343912423531576,2.0,3.0,19880.0,2025-05,0.3984848484848485,0.41818181818181815,0.6727272727272727,0.5621212121212121,0.6439393939393939,0.4257575757575758,0.5202020202020202,medio
2025-05,M05,P03,27,270,13.17,1.58,4.31,250.95,22947,21741,727,21014,0.03343912423531576,148,34,153,106,40,79,46,57,64,D03,C01,9,2,36,13,6,1,3,5,6,5,2,0,88,258.37,F03,36,2,77,24,70.46,3,5,19880.0,4.047651901936434,2.9360227272727273,73.0,448.65,0.03139422833088198,3.0,3.0,17250.0,2025-06,0.07727272727272727,0.906060606060606,0.5757575757575758,0.740909090909091,0.6439393939393939,0.1696969696969697,0.5189393939393939,medio
2025-06,M05,P03,25,250,13.16,1.35,7.48,228.01,21169,19717,619,19098,0.03139422833088198,156,91,91,46,38,63,22,55,57,D01,C01,9,1,28,9,5,2,3,4,2,7,2,1,73,448.65,F03,28,3,73,22,135.21,3,6,17250.0,3.702388801541817,6.145890410958904,84.0,836.93,0.023300412311822803,4.0,1.0,18862.0,2025-07,0.29848484848484846,0.9848484848484849,0.17272727272727273,0.8833333333333333,0.04696969696969697,0.32272727272727275,0.4515151515151515,medio
2025-07,M05,P03,27,270,13.17,1.49,13.95,241.4,22953,20858,486,20372,0.023300412311822803,49,52,124,44,23,42,11,58,83,D03,C10,3,1,32,11,12,6,3,7,1,4,3,1,84,836.93,F03,32,4,66,13,129.52,1,7,18862.0,4.027231757599003,9.963452380952381,80.0,221.4,0.02607156525066973,1.0,3.0,17432.0,2025-08,0.19242424242424241,0.28484848484848485,0.3303030303030303,0.3878787878787879,0.6439393939393939,0.19393939393939394,0.33888888888888885,bajo
2025-08,M05,P03,26,260,13.16,1.22,3.69,241.93,22081,20904,545,20359,0.02607156525066973,117,37,134,65,9,38,49,19,77,D03,C01,7,5,33,10,5,5,3,2,6,3,1,0,80,221.4,F03,33,1,74,22,60.89,3,8,17432.0,3.827018752391887,2.7675,75.0,114.53,0.02271544176801855,0.0,1.0,16242.0,2025-09,0.10151515151515152,0.006060606060606061,0.15151515151515152,0.15151515151515152,0.04696969696969697,0.09696969696969697,0.09242424242424242,bajo
2025-09,M05,P03,26,260,13.16,1.36,1.91,243.57,22070,21131,480,20651,0.02271544176801855,57,4,121,103,11,106,21,0,57,D03,C09,5,4,32,9,9,2,1,9,3,1,0,0,75,114.53,F03,32,0,65,13,19.85,1,9,16242.0,3.5492877762528985,1.5270666666666666,89.0,315.78,0.02745974122684539,3.0,2.0,20688.0,2025-10,0.4318181818181818,0.6090909090909091,0.3939393939393939,0.740909090909091,0.30303030303030304,0.5151515151515151,0.49898989898989904,medio
2025-10,M05,P03,27,270,14.17,1.44,5.26,249.13,22867,21486,590,20896,0.02745974122684539,85,69,123,78,16,59,21,46,93,D03,C10,6,2,32,7,11,3,9,9,3,4,3,0,89,315.78,F03,32,3,73,18,63.87,2,10,20688.0,4.142232151168202,3.548089887640449,90.0,270.87,0.03276068717538953,2.0,2.0,20042.0,2025-11,0.4590909090909091,0.44242424242424244,0.6393939393939394,0.5621212121212121,0.30303030303030304,0.45151515151515154,0.47626262626262633,medio
2025-11,M05,P03,25,250,12.15,1.43,4.51,231.9,21252,20024,656,19368,0.03276068717538953,71,96,126,95,48,54,41,36,89,D03,C10,4,2,41,5,8,2,6,8,4,8,2,0,90,270.87,F03,41,2,69,20,60.19,2,11,20042.0,4.49460647223332,3.009666666666667,88.0,315.08,0.03311074012242626,3.0,3.0,20858.0,2025-12,0.3984848484848485,0.603030303030303,0.6515151515151515,0.740909090909091,0.6439393939393939,0.5333333333333333,0.5952020202020202,medio
2025-01,M06,P03,27,270,14.17,1.43,4.34,250.06,22869,21563,532,21031,0.024671891666280202,8,63,144,63,44,57,8,25,120,D03,C10,1,3,38,10,9,5,6,7,1,7,1,0,88,260.46,F03,38,1,68,13,38.48,2,1,18516.0,4.081064786903491,2.959772727272727,85.0,291.8,0.03159928966886034,3.0,2.0,17962.0,2025-02,0.32575757575757575,0.5181818181818182,0.5818181818181818,0.740909090909091,0.30303030303030304,0.23333333333333334,0.4505050505050506,medio
2025-02,M06,P03,24,240,12.15,1.25,4.86,221.74,20370,19146,605,18541,0.03159928966886034,74,24,107,45,19,79,20,104,133,D09,C11,3,5,35,9,7,8,3,6,2,4,3,0,85,291.8,F03,35,3,65,17,58.36,2,2,17962.0,4.439569622897733,3.4329411764705884,90.0,322.6,0.027117992114626406,5.0,2.0,19416.0,2025-03,0.4590909090909091,0.6363636363636364,0.36666666666666664,0.9621212121212122,0.30303030303030304,0.3878787878787879,0.5191919191919192,medio
2025-03,M06,P03,26,260,13.16,1.31,5.38,240.16,22070,20798,564,20234,0.027117992114626406,52,21,155,61,12,78,42,89,54,D03,C11,4,2,38,10,8,3,3,11,5,1,5,0,90,322.6,F03,38,5,69,17,60.94,2,3,19416.0,4.327339167227619,3.5844444444444448,105.0,378.07,0.04094900781136286,2.0,4.0,24762.0,2025-04,0.7424242424242424,0.7878787878787878,0.8575757575757575,0.5621212121212121,0.8393939393939394,0.803030303030303,0.7654040404040403,alto
2025-04,M06,P03,26,260,13.16,1.51,6.3,239.02,22055,20611,844,19767,0.04094900781136286,144,59,188,121,49,56,28,57,142,D03,C10,8,3,38,15,10,2,6,4,7,10,2,0,105,378.07,F03,38,2,82,30,108.02,4,4,24762.0,5.094367085536849,3.6006666666666667,96.0,290.46,0.0289198928208445,4.0,2.0,21558.0,2025-05,0.5924242424242424,0.5151515151515151,0.4696969696969697,0.8833333333333333,0.30303030303030304,0.6151515151515151,0.5631313131313131,medio
2025-05,M06,P03,27,270,13.17,1.62,4.84,250.37,22942,21646,626,21020,0.0289198928208445,70,17,164,75,9,58,14,97,122,D03,C05,5,0,42,9,14,3,4,9,2,4,4,0,96,290.46,F03,42,4,68,15,45.38,2,5,21558.0,4.4349995380208815,3.025625,97.0,402.06,0.03299428166590759,4.0,3.0,21040.0,2025-06,0.6181818181818182,0.8424242424242424,0.6454545454545455,0.8833333333333333,0.6439393939393939,0.5666666666666667,0.7000000000000001,alto
2025-06,M06,P03,25,250,13.16,1.18,6.7,228.96,21187,19761,652,19109,0.03299428166590759,87,84,143,66,31,44,8,94,95,D03,C10,5,4,41,9,9,6,5,7,2,5,4,0,97,402.06,F03,41,4,71,20,82.9,3,6,21040.0,4.908658468700977,4.144948453608247,91.0,378.91,0.02897809200427927,4.0,3.0,20494.0,2025-07,0.47878787878787876,0.7909090909090909,0.4727272727272727,0.8833333333333333,0.6439393939393939,0.49696969696969695,0.6277777777777778,medio
2025-07,M06,P03,27,270,13.17,1.28,6.32,249.24,22974,21499,623,20876,0.02897809200427927,92,110,81,43,14,76,14,102,91,D02,C10,6,3,35,8,6,5,4,11,2,7,4,0,91,378.91,F03,35,4,75,22,91.61,3,7,20494.0,4.232755011861017,4.163846153846154,92.0,353.73,0.03233939393939394,4.0,3.0,20118.0,2025-08,0.5,0.7242424242424242,0.6181818181818182,0.8833333333333333,0.6439393939393939,0.4636363636363636,0.6388888888888888,medio
2025-08,M06,P03,26,260,13.16,1.32,5.9,239.62,22069,20625,667,19958,0.03233939393939394,97,44,170,100,15,69,26,84,62,D03,C10,5,3,38,14,7,2,2,7,5,5,4,0,92,353.73,F03,38,4,74,22,84.59,3,8,20118.0,4.460606060606061,3.844891304347826,94.0,244.78,0.02853859413905382,1.0,2.0,19818.0,2025-09,0.5424242424242425,0.3696969696969697,0.4484848484848485,0.3878787878787879,0.30303030303030304,0.4212121212121212,0.41212121212121217,medio
2025-09,M06,P03,26,260,13.16,1.28,4.08,241.48,22077,20884,596,20288,0.02853859413905382,126,84,155,17,28,71,0,10,105,D03,C10,7,2,45,10,7,3,3,9,1,6,1,0,94,244.78,F03,45,1,69,17,44.27,2,9,19818.0,4.50105343803869,2.6040425531914893,85.0,428.01,0.03468641604949845,4.0,3.0,21026.0,2025-10,0.32575757575757575,0.8818181818181818,0.7151515151515152,0.8833333333333333,0.6439393939393939,0.5636363636363636,0.668939393939394,alto
2025-10,M06,P03,27,270,14.17,1.51,7.13,247.19,22861,21334,740,20594,0.03468641604949845,127,83,141,57,89,55,0,92,96,D03,C10,8,2,28,10,10,3,2,7,2,9,4,0,85,428.01,F03,28,4,80,25,125.88,3,10,21026.0,3.98425049217212,5.0354117647058825,93.0,272.09,0.029176658673061552,0.0,2.0,20912.0,2025-11,0.5242424242424243,0.44545454545454544,0.48787878787878786,0.15151515151515152,0.30303030303030304,0.5393939393939394,0.4085858585858586,medio
2025-11,M06,P03,25,250,12.15,1.15,4.53,232.16,21278,20016,584,19432,0.029176658673061552,38,93,126,77,54,60,0,0,136,D09,C10,3,1,41,8,12,2,4,11,1,10,0,0,93,272.09,F03,41,0,64,15,43.88,2,11,20912.0,4.646282973621103,2.9256989247311824,98.0,275.73,0.026731752673175267,1.0,2.0,20448.0,2025-12,0.6454545454545455,0.4575757575757576,0.3484848484848485,0.3878787878787879,0.30303030303030304,0.49393939393939396,0.43939393939393945,medio
2025-01,M07,P02,27,270,14.17,1.35,6.0,248.49,22871,21481,699,20782,0.03254038452586006,54,49,147,183,33,34,37,76,86,D04,C09,3,2,33,11,10,3,2,9,5,4,4,0,86,359.75,F03,33,4,73,18,75.3,2,1,19488.0,4.003538010334714,4.183139534883721,77.0,203.35,0.019117189928504818,1.0,1.0,15408.0,2025-02,0.13484848484848486,0.21212121212121213,0.04242424242424243,0.3878787878787879,0.04696969696969697,0.05606060606060606,0.14671717171717172,bajo
2025-02,M07,P02,24,240,12.15,1.29,3.39,223.17,20368,19302,369,18933,0.019117189928504818,15,15,137,43,0,60,0,26,73,D03,C04,1,2,34,12,7,6,2,8,1,3,1,0,77,203.35,F03,34,1,56,8,21.13,1,2,15408.0,3.9892239146202466,2.6409090909090907,72.0,196.65,0.019277568354249177,1.0,2.0,15870.0,2025-03,0.06818181818181818,0.18484848484848485,0.051515151515151514,0.3878787878787879,0.30303030303030304,0.07878787878787878,0.17904040404040403,bajo
2025-03,M07,P02,26,260,13.16,1.37,3.28,242.19,22070,20957,404,20553,0.019277568354249177,74,30,123,40,6,41,0,19,71,D03,C05,4,5,28,11,9,3,1,5,1,4,1,0,72,196.65,F03,28,1,67,15,40.97,2,3,15870.0,3.4356062413513384,2.73125,82.0,173.1,0.023251390804051163,0.0,2.0,18380.0,2025-04,0.24848484848484848,0.09393939393939393,0.1696969696969697,0.15151515151515152,0.30303030303030304,0.2803030303030303,0.2078282828282828,bajo
2025-04,M07,P02,26,260,13.16,1.06,2.88,242.89,22096,21031,489,20542,0.023251390804051163,86,27,158,54,22,55,32,0,55,D03,C05,6,2,33,10,9,3,4,7,4,4,0,0,82,173.1,F03,33,0,68,16,33.78,2,4,18380.0,3.8990062289001948,2.1109756097560974,80.0,260.78,0.024887086367407135,2.0,2.0,17884.0,2025-05,0.19242424242424241,0.42727272727272725,0.2545454545454545,0.5621212121212121,0.30303030303030304,0.22424242424242424,0.3272727272727272,bajo
2025-05,M07,P02,27,270,13.17,1.31,4.35,251.17,22968,21698,540,21158,0.024887086367407135,118,52,103,52,36,41,5,43,90,D01,C10,5,5,31,7,7,4,4,8,1,6,2,0,80,260.78,F03,31,2,72,19,61.94,2,5,17884.0,3.6869757581343903,3.2597499999999995,64.0,283.42,0.024490203918432627,2.0,2.0,14516.0,2025-06,0.022727272727272728,0.4818181818181818,0.23030303030303031,0.5621212121212121,0.30303030303030304,0.024242424242424242,0.2707070707070707,bajo
2025-06,M07,P02,25,250,13.16,1.41,4.72,230.71,21164,20008,490,19518,0.024490203918432627,32,70,115,72,32,80,13,23,53,D03,C10,2,2,22,12,5,3,1,5,3,7,2,0,64,283.42,F03,22,2,67,16,70.85,2,6,14516.0,3.198720511795282,4.4284375,75.0,235.7,0.019789221777348244,3.0,2.0,15924.0,2025-07,0.10151515151515152,0.32727272727272727,0.05454545454545454,0.740909090909091,0.30303030303030304,0.08484848484848485,0.2686868686868687,bajo
2025-07,M07,P02,27,270,13.17,1.42,3.93,251.48,22962,21729,430,21299,0.019789221777348244,23,6,103,64,20,43,5,89,77,D03,C11,1,1,35,7,6,3,3,7,4,5,3,0,75,235.7,F03,35,3,67,14,44.0,2,7,15924.0,3.451608449537485,3.1426666666666665,78.0,267.43,0.020835329054507138,3.0,2.0,15946.0,2025-08,0.15606060606060607,0.4393939393939394,0.09393939393939393,0.740909090909091,0.30303030303030304,0.08787878787878788,0.30353535353535355,bajo
2025-08,M07,P02,26,260,13.16,1.48,4.46,240.9,22058,20878,435,20443,0.020835329054507138,63,39,95,22,29,56,13,62,56,D03,C10,3,3,37,8,4,2,3,9,2,4,3,0,78,267.43,F03,37,3,67,15,51.43,2,8,15946.0,3.7359900373599007,3.4285897435897437,87.0,362.6,0.029769371803531796,5.0,2.0,20362.0,2025-09,0.36818181818181817,0.7424242424242424,0.5181818181818182,0.9621212121212122,0.30303030303030304,0.4818181818181818,0.5626262626262627,medio
2025-09,M07,P02,26,260,13.16,1.4,6.04,239.4,22063,20726,617,20109,0.029769371803531796,94,31,123,67,44,33,24,124,77,D08,C11,6,1,34,7,9,5,1,10,3,6,5,0,87,362.6,F03,34,5,73,21,87.53,2,9,20362.0,4.197626170027984,4.167816091954023,83.0,419.94,0.02761736214605067,7.0,2.0,18430.0,2025-10,0.2727272727272727,0.8727272727272727,0.403030303030303,0.9984848484848485,0.30303030303030304,0.2909090909090909,0.5234848484848486,medio
2025-10,M07,P02,27,270,14.17,1.48,7.0,247.35,22866,21472,593,20879,0.02761736214605067,75,19,129,74,25,44,16,123,88,D03,C11,5,2,33,13,7,1,1,8,2,4,7,0,83,419.94,F03,33,7,75,20,101.19,2,10,18430.0,3.865499254843517,5.059518072289157,76.0,307.39,0.02274090363854458,1.0,2.0,16618.0,2025-11,0.11666666666666667,0.5818181818181818,0.15454545454545454,0.3878787878787879,0.30303030303030304,0.12121212121212122,0.2775252525252525,bajo
2025-11,M07,P02,25,250,12.15,1.39,5.12,231.33,21256,20008,455,19553,0.02274090363854458,84,56,188,29,21,0,0,0,77,D03,C05,5,3,32,11,9,2,3,5,0,5,0,1,76,307.39,F03,32,1,63,14,56.62,2,11,16618.0,3.7984806077568973,4.044605263157894,71.0,170.25,0.018665443705572115,0.0,2.0,15276.0,2025-12,0.05606060606060606,0.08181818181818182,0.03636363636363636,0.15151515151515152,0.30303030303030304,0.045454545454545456,0.11237373737373739,bajo
2025-01,M08,P02,27,270,14.17,1.53,7.67,246.63,22861,21174,835,20339,0.03943515632379333,101,47,180,166,10,54,24,153,100,D03,C11,5,2,47,10,18,1,4,13,5,5,7,0,117,460.1,F03,47,7,79,24,94.38,4,1,27364.0,5.525644658543496,3.9324786324786327,91.0,303.26,0.03340347185691741,0.0,4.0,21694.0,2025-02,0.47878787878787876,0.5575757575757576,0.6666666666666666,0.15151515151515152,0.8393939393939394,0.6242424242424243,0.5530303030303031,medio
2025-02,M08,P02,24,240,12.15,1.1,5.05,221.7,20381,19010,635,18375,0.03340347185691741,138,59,102,107,36,18,79,0,96,D01,C09,7,4,33,9,9,3,5,6,5,10,0,0,91,303.26,F03,33,0,74,26,86.65,4,2,21694.0,4.786954234613361,3.3325274725274725,106.0,366.42,0.038308602463388616,3.0,4.0,25214.0,2025-03,0.753030303030303,0.7515151515151515,0.8,0.740909090909091,0.8393939393939394,0.8242424242424242,0.7848484848484848,alto
2025-03,M08,P02,26,260,13.16,1.37,6.11,239.36,22069,20622,790,19832,0.038308602463388616,140,51,180,99,28,105,27,72,88,D03,C05,8,4,41,9,16,1,3,12,2,7,3,0,106,366.42,F03,41,3,76,24,82.96,4,3,25214.0,5.140141596353409,3.456792452830189,107.0,338.0,0.03536307707213099,3.0,3.0,24356.0,2025-04,0.7651515151515151,0.6878787878787879,0.7303030303030303,0.740909090909091,0.6439393939393939,0.7818181818181819,0.7250000000000001,alto
2025-04,M08,P02,26,260,13.16,1.33,5.63,239.87,22073,20643,730,19913,0.03536307707213099,82,35,214,127,24,89,21,50,88,D03,C05,6,1,44,14,16,2,5,7,3,6,3,0,107,338.0,F03,44,3,71,19,60.02,3,4,24356.0,5.183355132490433,3.1588785046728973,99.0,432.1,0.034207578868769836,5.0,3.0,20932.0,2025-05,0.6636363636363637,0.8848484848484849,0.7,0.9621212121212122,0.6439393939393939,0.5424242424242425,0.7328282828282829,alto
2025-05,M08,P02,27,270,13.17,1.48,7.2,248.15,22954,21428,733,20695,0.034207578868769836,46,55,115,120,54,56,38,148,101,D08,C11,3,5,44,10,7,4,3,9,4,5,5,0,99,432.1,F03,44,5,75,22,96.02,3,5,20932.0,4.620123203285421,4.364646464646465,109.0,353.6,0.041520912547528516,2.0,4.0,24568.0,2025-06,0.7863636363636364,0.7212121212121212,0.8727272727272727,0.5621212121212121,0.8393939393939394,0.7909090909090909,0.7621212121212121,alto
2025-06,M08,P02,25,250,13.16,1.3,5.89,229.65,21178,19725,819,18906,0.041520912547528516,119,54,212,98,40,70,6,64,156,D03,C10,6,3,47,8,11,4,6,9,3,10,2,0,109,353.6,F03,47,2,75,24,77.86,4,6,24568.0,5.52598225602028,3.2440366972477066,111.0,449.96,0.042012472452759415,4.0,4.0,24908.0,2025-07,0.8136363636363636,0.9090909090909091,0.8787878787878788,0.8833333333333333,0.8393939393939394,0.8090909090909091,0.8555555555555555,alto
2025-07,M08,P02,27,270,13.17,1.47,7.5,247.87,22958,21327,896,20431,0.042012472452759415,176,109,180,71,43,93,12,63,149,D03,C10,8,7,42,15,12,5,4,6,1,7,4,0,111,449.96,F03,42,4,80,27,109.45,4,7,24908.0,5.204670136446757,4.053693693693694,118.0,501.32,0.046675191815856776,2.0,5.0,26884.0,2025-08,0.8666666666666667,0.9393939393939394,0.9454545454545454,0.5621212121212121,0.9378787878787879,0.8727272727272727,0.854040404040404,alto
2025-08,M08,P02,26,260,13.16,1.42,8.36,237.06,22060,20332,949,19383,0.046675191815856776,107,207,136,62,77,75,36,40,209,D09,C10,4,6,44,12,8,6,6,10,5,15,2,0,118,501.32,F03,44,2,84,32,135.95,5,8,26884.0,5.8036592563446785,4.248474576271186,109.0,729.54,0.03239247978570366,2.0,3.0,24148.0,2025-09,0.7863636363636364,0.9696969696969697,0.6212121212121212,0.5621212121212121,0.6439393939393939,0.7666666666666667,0.7250000000000001,alto
2025-09,M08,P02,26,260,13.16,1.11,12.16,233.57,22089,20159,653,19506,0.03239247978570366,64,23,200,77,17,130,30,18,94,D03,C05,3,4,44,14,14,2,5,10,7,4,1,1,109,729.54,F03,44,2,72,20,133.86,3,9,24148.0,5.407014236817303,6.69302752293578,122.0,370.87,0.035766183846622605,3.0,4.0,28094.0,2025-10,0.8954545454545455,0.7696969696969697,0.7484848484848485,0.740909090909091,0.8393939393939394,0.9272727272727272,0.8202020202020202,alto
2025-10,M08,P02,27,270,14.17,1.6,6.18,248.05,22855,21333,763,20570,0.035766183846622605,170,57,213,84,6,22,24,89,98,D03,C01,10,5,49,9,16,6,3,13,3,5,3,0,122,370.87,F03,49,3,81,26,79.04,4,10,28094.0,5.718839356864951,3.0399180327868853,92.0,336.28,0.03580781627719581,5.0,4.0,20534.0,2025-11,0.5,0.6818181818181818,0.7515151515151515,0.9621212121212122,0.8393939393939394,0.503030303030303,0.7063131313131313,alto
2025-11,M08,P02,25,250,12.15,1.3,5.6,230.94,21265,19856,711,19145,0.03580781627719581,166,21,137,87,5,91,32,116,56,D01,C01,9,5,40,7,7,0,4,9,2,4,5,0,92,336.28,F03,40,5,74,25,91.38,4,11,20534.0,4.633360193392425,3.6552173913043475,115.0,416.5,0.041266569862757035,3.0,4.0,25504.0,2025-12,0.8393939393939394,0.8666666666666667,0.8666666666666667,0.740909090909091,0.8393939393939394,0.8393939393939394,0.8320707070707071,alto
2025-01,M09,P02,27,270,14.17,1.38,3.66,250.78,22875,21746,552,21194,0.025383978662742574,52,25,152,176,14,37,22,27,47,D04,C09,3,1,40,11,9,4,7,6,7,2,2,0,92,219.7,F03,40,2,70,15,35.82,2,1,19568.0,4.230663110457096,2.3880434782608693,73.0,240.06,0.030191610564474367,2.0,2.0,16854.0,2025-02,0.07727272727272727,0.3606060606060606,0.5272727272727272,0.5621212121212121,0.30303030303030304,0.13333333333333333,0.32727272727272727,bajo
2025-02,M09,P02,24,240,12.15,1.25,4.0,222.6,20371,19310,583,18727,0.030191610564474367,98,28,167,99,19,65,19,39,49,D03,C05,7,1,30,10,8,0,0,8,3,4,2,0,73,240.06,F03,30,2,65,17,55.91,2,2,16854.0,3.7804246504401866,3.2884931506849315,95.0,309.17,0.028041893913798927,2.0,1.0,20390.0,2025-03,0.5666666666666667,0.5909090909090909,0.42424242424242425,0.5621212121212121,0.04696969696969697,0.48484848484848486,0.44595959595959594,medio
2025-03,M09,P02,26,260,13.16,1.23,5.15,240.45,22080,20719,581,20138,0.028041893913798927,6,90,136,49,44,56,16,48,136,D03,C10,1,0,42,12,11,2,5,11,1,8,2,0,95,309.17,F03,42,2,64,12,39.05,1,3,20390.0,4.58516337661084,3.2544210526315793,97.0,870.49,0.0325574395505167,5.0,3.0,22052.0,2025-04,0.6181818181818182,0.990909090909091,0.6272727272727273,0.9621212121212122,0.6439393939393939,0.6636363636363637,0.751010101010101,alto
2025-04,M09,P02,26,260,13.16,1.44,14.51,230.89,22060,19934,649,19285,0.0325574395505167,142,35,140,45,57,41,0,78,111,D01,C10,10,2,39,9,6,3,5,10,1,7,4,1,97,870.49,F03,39,5,77,25,224.35,3,4,22052.0,4.866057991371526,8.974123711340207,84.0,216.46,0.024975852076721403,1.0,2.0,18872.0,2025-05,0.29848484848484846,0.2606060606060606,0.25757575757575757,0.3878787878787879,0.30303030303030304,0.32727272727272727,0.3058080808080808,bajo
2025-05,M09,P02,27,270,13.17,1.24,3.61,251.98,22975,21741,543,21198,0.024975852076721403,63,35,150,128,0,17,38,27,85,D03,C05,4,2,30,13,9,3,3,11,3,5,1,0,84,216.46,F03,30,1,68,15,38.65,2,5,18872.0,3.8636677245756865,2.576904761904762,74.0,229.32,0.028092976755811048,1.0,2.0,15856.0,2025-06,0.08787878787878788,0.30303030303030304,0.4303030303030303,0.3878787878787879,0.30303030303030304,0.07575757575757576,0.26464646464646463,bajo
2025-06,M09,P02,25,250,13.16,1.28,3.82,231.74,21175,20005,562,19443,0.028092976755811048,46,62,143,52,26,71,0,19,143,D03,C10,4,1,31,11,6,4,4,5,1,6,1,0,74,229.32,F03,31,1,64,13,40.29,2,6,15856.0,3.699075231192202,3.098918918918919,77.0,275.84,0.026950813609467456,3.0,2.0,17070.0,2025-07,0.13484848484848486,0.4636363636363636,0.3575757575757576,0.740909090909091,0.30303030303030304,0.15454545454545454,0.35909090909090907,bajo
2025-07,M09,P02,27,270,13.17,1.59,4.6,250.65,22944,21632,583,21049,0.026950813609467456,50,69,155,41,37,68,0,70,93,D03,C10,3,3,32,8,9,4,4,4,1,6,3,0,77,275.84,F03,32,3,69,16,57.32,2,7,17070.0,3.559541420118343,3.582337662337662,87.0,283.91,0.030018671901182552,3.0,2.0,18966.0,2025-08,0.36818181818181817,0.48484848484848486,0.5242424242424243,0.740909090909091,0.30303030303030304,0.3333333333333333,0.45909090909090916,medio
2025-08,M09,P02,26,260,13.16,1.27,4.73,240.83,22077,20887,627,20260,0.030018671901182552,95,50,129,97,11,88,19,77,61,D03,C10,5,3,39,10,9,2,1,8,3,4,3,0,87,283.91,F03,39,3,70,18,58.74,2,8,18966.0,4.1652702638004495,3.2633333333333336,81.0,247.07,0.024114291193249916,1.0,2.0,18586.0,2025-09,0.21818181818181817,0.3787878787878788,0.20303030303030303,0.3878787878787879,0.30303030303030304,0.296969696969697,0.29797979797979796,bajo
2025-09,M09,P02,26,260,13.16,1.45,4.12,241.27,22057,20859,503,20356,0.024114291193249916,125,83,121,32,31,10,0,12,89,D01,C10,8,2,30,10,7,7,2,6,1,7,1,0,81,247.07,F03,30,1,71,19,57.96,2,9,18586.0,3.883215878038257,3.050246913580247,65.0,190.22,0.022258138997921957,0.0,2.0,14402.0,2025-10,0.030303030303030304,0.17575757575757575,0.13333333333333333,0.15151515151515152,0.30303030303030304,0.021212121212121213,0.13585858585858587,bajo
2025-10,M09,P02,27,270,14.17,1.5,3.17,251.16,22867,21655,482,21173,0.022258138997921957,91,20,100,28,18,124,6,0,95,D06,C10,6,3,25,9,5,4,3,4,1,5,0,0,65,190.22,F03,25,0,70,15,43.9,2,10,14402.0,3.001616254906488,2.9264615384615382,88.0,331.05,0.02850415790001002,4.0,2.0,19220.0,2025-11,0.3984848484848485,0.6666666666666666,0.44545454545454544,0.8833333333333333,0.30303030303030304,0.3606060606060606,0.5095959595959596,medio
2025-11,M09,P02,25,250,12.15,1.22,5.52,231.11,21272,19962,569,19393,0.02850415790001002,52,54,144,43,49,10,6,116,95,D03,C10,3,2,38,10,10,4,2,8,2,5,4,0,88,331.05,F03,38,4,65,16,60.19,2,11,19220.0,4.408375914237051,3.7619318181818184,77.0,191.7,0.023981588032220943,2.0,2.0,16546.0,2025-12,0.13484848484848486,0.1787878787878788,0.19393939393939394,0.5621212121212121,0.30303030303030304,0.11818181818181818,0.2484848484848485,bajo
2025-01,M10,P02,27,270,14.17,1.41,5.63,248.79,22873,21531,770,20761,0.035762389113371415,42,75,148,92,42,179,31,49,112,D06,C12,2,5,41,16,5,5,2,9,4,7,2,0,98,338.02,F03,41,2,75,20,68.98,3,1,20210.0,4.5515767962472715,3.4491836734693875,89.0,286.42,0.033802522107686674,2.0,3.0,20568.0,2025-02,0.4318181818181818,0.48787878787878786,0.6909090909090909,0.5621212121212121,0.6439393939393939,0.509090909090909,0.5542929292929294,medio
2025-02,M10,P02,24,240,12.15,1.07,4.77,222.01,20387,19111,646,18465,0.033802522107686674,166,19,157,72,29,50,34,44,75,D01,C01,10,3,36,9,10,2,5,5,2,5,2,0,89,286.42,F03,36,2,70,22,70.8,3,2,20568.0,4.65700381978965,3.2182022471910114,89.0,300.99,0.034286814986034864,1.0,3.0,20220.0,2025-03,0.4318181818181818,0.5454545454545454,0.706060606060606,0.3878787878787879,0.6439393939393939,0.47575757575757577,0.5318181818181819,medio
2025-03,M10,P02,26,260,13.16,1.11,5.02,240.72,22093,20766,712,20054,0.034286814986034864,132,42,121,85,43,147,6,32,104,D06,C01,8,2,36,7,7,7,5,6,2,8,1,0,89,300.99,F03,36,1,73,21,71.02,3,3,20220.0,4.285851873254358,3.3819101123595505,106.0,369.97,0.03907085236660511,3.0,4.0,24374.0,2025-04,0.753030303030303,0.7636363636363637,0.8181818181818182,0.740909090909091,0.8393939393939394,0.7848484848484848,0.7833333333333333,alto
2025-04,M10,P02,26,260,13.16,1.22,6.17,239.45,22081,20578,804,19774,0.03907085236660511,204,38,136,60,39,127,12,69,119,D01,C01,10,6,37,12,9,4,4,13,2,6,3,0,106,369.97,F03,37,3,79,27,94.24,4,4,24374.0,5.151132277189231,3.490283018867925,95.0,187.72,0.027928341754708316,0.0,2.0,20068.0,2025-05,0.5666666666666667,0.1606060606060606,0.41515151515151516,0.15151515151515152,0.30303030303030304,0.4575757575757576,0.34242424242424246,bajo
2025-05,M10,P02,27,270,13.17,1.51,3.13,252.19,22952,21770,608,21162,0.027928341754708316,106,51,140,69,17,121,0,0,104,D03,C01,6,3,40,10,7,3,8,12,2,4,0,0,95,187.72,F03,40,0,68,15,29.64,2,5,20068.0,4.363803399173174,1.976,85.0,299.31,0.03122799959770693,3.0,3.0,19526.0,2025-06,0.32575757575757575,0.5363636363636364,0.5727272727272728,0.740909090909091,0.6439393939393939,0.396969696969697,0.5361111111111111,medio
2025-06,M10,P02,25,250,13.16,1.11,4.99,230.74,21191,19886,621,19265,0.03122799959770693,139,28,137,39,25,68,0,94,91,D01,C01,9,1,37,7,9,2,3,7,3,4,3,0,85,299.31,F03,37,3,71,20,70.43,3,6,19526.0,4.274363874082269,3.521294117647059,105.0,372.53,0.03534554925123244,2.0,3.0,23218.0,2025-07,0.7424242424242424,0.7757575757575758,0.7272727272727273,0.5621212121212121,0.6439393939393939,0.7272727272727273,0.6964646464646465,alto
2025-07,M10,P02,27,270,13.17,1.48,6.21,249.15,22958,21502,760,20742,0.03534554925123244,83,129,184,69,63,45,0,45,142,D03,C10,5,3,45,7,10,4,7,12,1,9,2,0,105,372.53,F03,45,2,73,20,70.96,3,7,23218.0,4.88326667286764,3.5479047619047615,103.0,444.03,0.03540986800448103,4.0,4.0,24304.0,2025-08,0.7257575757575757,0.896969696969697,0.7333333333333333,0.8833333333333333,0.8393939393939394,0.7787878787878788,0.8095959595959595,alto
2025-08,M10,P02,26,260,13.16,1.26,7.4,238.17,22073,20531,727,19804,0.03540986800448103,148,29,155,143,33,58,17,72,72,D03,C01,9,5,36,10,9,8,1,9,5,7,4,0,103,444.03,F03,36,4,82,30,129.33,4,8,24304.0,5.016803857581219,4.310970873786408,104.0,387.94,0.039252698320507234,3.0,4.0,22718.0,2025-09,0.7348484848484849,0.8121212121212121,0.8212121212121212,0.740909090909091,0.8393939393939394,0.7090909090909091,0.7762626262626263,alto
2025-09,M10,P02,26,260,13.16,1.44,6.47,238.93,22064,20661,811,19850,0.039252698320507234,122,98,148,89,62,53,14,97,128,D03,C10,9,3,43,16,3,3,2,9,3,10,3,0,104,387.94,F03,43,3,80,28,104.45,4,9,22718.0,5.033638255650743,3.730192307692308,93.0,730.08,0.0272662042573547,4.0,3.0,20806.0,2025-10,0.5242424242424243,0.9727272727272728,0.38181818181818183,0.8833333333333333,0.6439393939393939,0.5242424242424243,0.6550505050505051,alto
2025-10,M10,P02,27,270,14.17,1.46,12.17,242.2,22865,20905,570,20335,0.0272662042573547,80,36,123,46,36,97,37,62,53,D03,C01,6,1,36,16,7,1,4,7,5,6,3,1,93,730.08,F03,36,4,77,22,172.71,3,10,20806.0,4.4486964840947145,7.8503225806451615,86.0,434.44,0.03243570959430102,5.0,3.0,19240.0,2025-11,0.346969696969697,0.8878787878787879,0.6242424242424243,0.9621212121212122,0.6439393939393939,0.36666666666666664,0.6386363636363637,medio
2025-11,M10,P02,25,250,12.15,1.25,7.24,229.35,21265,19793,642,19151,0.03243570959430102,96,47,140,65,44,42,62,84,62,D03,C10,6,1,40,6,6,2,2,8,4,6,4,1,86,434.44,F03,40,5,71,22,111.14,3,11,19240.0,4.344970444096398,5.051627906976744,95.0,217.26,0.02714450867052023,0.0,2.0,20798.0,2025-12,0.5666666666666667,0.26666666666666666,0.3696969696969697,0.15151515151515152,0.30303030303030304,0.5212121212121212,0.36313131313131314,medio
2025-01,M11,P02,27,270,14.17,1.57,13.76,240.5,22856,20601,1044,19557,0.05067715159458279,131,27,206,236,27,146,92,50,129,D04,C09,7,3,52,10,13,3,6,15,9,6,2,1,127,825.85,F03,52,3,83,28,182.08,5,1,28954.0,6.164749284015339,6.502755905511811,122.0,352.4,0.05484296648192135,1.0,5.0,28600.0,2025-02,0.8954545454545455,0.7151515151515152,1.0,0.3878787878787879,0.9378787878787879,0.9424242424242424,0.8131313131313131,alto
2025-02,M11,P02,24,240,12.15,1.16,5.87,220.82,20376,18945,1039,17906,0.05484296648192135,174,98,199,179,68,80,32,30,179,D03,C10,7,4,43,15,13,5,6,10,7,11,1,0,122,352.4,F03,43,1,78,30,86.66,5,2,28600.0,6.439693850620216,2.888524590163934,126.0,381.51,0.048367416662599444,4.0,4.0,27540.0,2025-03,0.9333333333333333,0.793939393939394,0.9666666666666667,0.8833333333333333,0.8393939393939394,0.9,0.8861111111111111,alto
2025-03,M11,P02,26,260,13.16,1.35,6.36,239.13,22066,20489,991,19498,0.048367416662599444,258,42,257,45,33,121,15,122,98,D01,C01,13,2,52,19,10,3,7,9,1,6,4,0,126,381.51,F03,52,4,78,26,78.72,4,3,27540.0,6.149641270925862,3.0278571428571426,126.0,466.64,0.05423894453945761,7.0,5.0,29086.0,2025-04,0.9333333333333333,0.9151515151515152,0.996969696969697,0.9984848484848485,0.9378787878787879,0.9545454545454546,0.956060606060606,alto
2025-04,M11,P02,26,260,13.16,1.15,7.78,237.91,22084,20465,1110,19355,0.05423894453945761,196,51,253,132,17,100,48,178,135,D03,C01,11,4,51,12,15,4,6,6,5,5,7,0,126,466.64,F03,51,7,84,32,118.51,5,4,29086.0,6.156853163938432,3.7034920634920634,118.0,401.36,0.0397208300154574,5.0,5.0,27322.0,2025-05,0.8666666666666667,0.8393939393939394,0.8272727272727273,0.9621212121212122,0.9378787878787879,0.8939393939393939,0.8878787878787877,alto
2025-05,M11,P02,27,270,13.17,1.24,6.69,248.91,22977,21349,848,20501,0.0397208300154574,114,36,155,123,57,69,21,162,111,D08,C11,9,3,47,9,11,6,3,12,6,7,5,0,118,401.36,F03,47,5,83,30,102.04,5,5,27322.0,5.527190969132043,3.40135593220339,115.0,502.4,0.04472106961733518,6.0,5.0,25400.0,2025-06,0.8393939393939394,0.9424242424242424,0.9181818181818182,0.9924242424242424,0.9378787878787879,0.8303030303030303,0.91010101010101,alto
2025-06,M11,P02,25,250,13.16,1.25,8.37,227.22,21180,19521,873,18648,0.04472106961733518,164,86,132,118,25,48,42,139,119,D01,C01,8,5,48,10,6,6,1,14,3,8,6,0,115,502.4,F03,48,6,81,30,131.06,5,6,25400.0,5.891091644895241,4.368695652173913,114.0,486.7,0.04101645372683985,5.0,5.0,25724.0,2025-07,0.8303030303030303,0.9333333333333333,0.8606060606060606,0.9621212121212122,0.9378787878787879,0.8454545454545455,0.8949494949494948,alto
2025-07,M11,P02,27,270,13.17,1.42,8.11,247.3,22961,21211,870,20341,0.04101645372683985,144,51,172,75,55,109,15,129,120,D03,C10,9,4,47,9,9,4,7,9,3,8,5,0,114,486.7,F03,47,5,82,29,123.81,5,7,25724.0,5.374569798689359,4.269298245614035,127.0,371.77,0.04408680809558644,3.0,4.0,28108.0,2025-08,0.943939393939394,0.7727272727272727,0.9121212121212121,0.740909090909091,0.8393939393939394,0.9303030303030303,0.8565656565656566,alto
2025-08,M11,P02,26,260,13.16,1.53,6.2,239.11,22054,20505,904,19601,0.04408680809558644,172,57,238,156,36,51,18,45,131,D03,C05,8,6,54,13,15,4,4,11,3,6,3,0,127,371.77,F03,54,3,78,26,76.11,4,8,28108.0,6.193611314313582,2.9273228346456692,125.0,466.53,0.04958637231386754,4.0,5.0,29728.0,2025-09,0.9181818181818182,0.9121212121212121,0.9727272727272728,0.8833333333333333,0.9378787878787879,0.9666666666666667,0.9318181818181818,alto
2025-09,M11,P02,26,260,13.16,1.41,7.78,237.65,22061,20429,1013,19416,0.04958637231386754,129,108,196,136,64,138,66,59,117,D03,C10,6,5,46,12,19,2,4,14,4,9,3,1,125,466.53,F03,46,4,80,28,104.5,5,9,29728.0,6.11875275343874,3.73224,120.0,280.93,0.04345393509884372,1.0,4.0,25942.0,2025-10,0.8863636363636364,0.47878787878787876,0.9090909090909091,0.3878787878787879,0.8393939393939394,0.8636363636363636,0.7275252525252526,alto
2025-10,M11,P02,27,270,14.17,1.48,4.68,249.66,22865,21448,932,20516,0.04345393509884372,159,86,244,121,35,34,21,37,195,D03,C10,9,4,47,17,11,7,9,7,3,5,1,0,120,280.93,F03,47,1,77,22,51.5,4,10,25942.0,5.594927265945543,2.341083333333333,117.0,298.53,0.04693486590038314,1.0,4.0,27892.0,2025-11,0.853030303030303,0.5318181818181819,0.9515151515151515,0.3878787878787879,0.8393939393939394,0.9151515151515152,0.7464646464646464,alto
2025-11,M11,P02,25,250,12.15,1.26,4.98,231.61,21265,19836,931,18905,0.04693486590038314,240,54,243,66,61,121,6,40,100,D03,C01,14,2,44,14,16,3,3,11,2,7,1,0,117,298.53,F03,44,1,75,26,66.34,4,11,27892.0,5.898366606170599,2.551538461538461,126.0,297.35,0.04029990627928772,0.0,4.0,27236.0,2025-12,0.9333333333333333,0.5272727272727272,0.8393939393939394,0.15151515151515152,0.8393939393939394,0.8909090909090909,0.6969696969696969,alto
2025-01,M12,P02,27,270,14.17,1.42,5.49,248.93,22872,21518,589,20929,0.027372432382191652,98,36,116,37,28,69,16,81,108,D03,C10,6,3,32,9,4,5,1,12,1,5,4,0,82,329.16,F03,32,4,74,19,76.27,2,1,17978.0,3.8107630820708245,4.014146341463415,62.0,315.38,0.023567443558058294,4.0,1.0,14356.0,2025-02,0.010606060606060607,0.6060606060606061,0.18787878787878787,0.8833333333333333,0.04696969696969697,0.01818181818181818,0.29217171717171714,bajo
2025-02,M12,P02,24,240,12.15,1.11,5.26,221.48,20386,19179,452,18727,0.023567443558058294,33,61,106,31,28,27,0,97,69,D03,C11,2,2,24,4,9,3,5,4,0,5,4,0,62,315.38,F03,24,4,61,13,66.13,1,2,14356.0,3.2327024349548985,5.086774193548387,78.0,248.8,0.025797821517294095,2.0,2.0,18896.0,2025-03,0.15606060606060607,0.38484848484848483,0.3090909090909091,0.5621212121212121,0.30303030303030304,0.3303030303030303,0.3409090909090909,bajo
2025-03,M12,P02,26,260,13.16,1.41,4.15,241.29,22059,20932,540,20392,0.025797821517294095,117,53,149,47,32,31,0,35,76,D03,C10,9,0,28,11,9,0,2,9,0,8,2,0,78,248.8,F03,28,2,71,19,60.6,2,3,18896.0,3.7263519969424803,3.18974358974359,87.0,306.49,0.031713285035743416,3.0,2.0,19984.0,2025-04,0.36818181818181817,0.5727272727272728,0.5878787878787879,0.740909090909091,0.30303030303030304,0.4484848484848485,0.5035353535353536,medio
2025-04,M12,P02,26,260,13.16,1.34,5.11,240.39,22072,20843,661,20182,0.031713285035743416,110,57,122,77,36,66,29,70,94,D03,C10,6,5,36,3,10,6,3,7,4,4,3,0,87,306.49,F03,36,3,74,22,77.5,2,4,19984.0,4.174063234659118,3.5228735632183907,73.0,205.17,0.029306876371616677,2.0,2.0,16958.0,2025-05,0.07727272727272727,0.23030303030303031,0.4909090909090909,0.5621212121212121,0.30303030303030304,0.1484848484848485,0.302020202020202,bajo
2025-05,M12,P02,27,270,13.17,1.33,3.42,252.08,22967,21872,641,21231,0.029306876371616677,132,21,108,69,25,94,48,54,90,D01,C01,8,1,28,7,6,5,3,5,5,3,2,0,73,205.17,F03,28,2,72,19,53.4,2,5,16958.0,3.3376005852231163,2.8105479452054793,84.0,180.86,0.0233391390893257,0.0,1.0,19194.0,2025-06,0.29848484848484846,0.11818181818181818,0.17575757575757575,0.15151515151515152,0.04696969696969697,0.35454545454545455,0.19090909090909092,bajo
2025-06,M12,P02,25,250,13.16,1.55,3.01,232.28,21148,20095,469,19626,0.0233391390893257,47,47,168,96,30,37,0,0,44,D03,C05,4,2,34,8,16,2,5,9,0,4,0,0,84,180.86,F03,34,0,61,10,21.53,1,6,19194.0,4.180144314506096,2.153095238095238,80.0,349.55,0.024659942629776995,4.0,2.0,18334.0,2025-07,0.19242424242424241,0.7090909090909091,0.24545454545454545,0.8833333333333333,0.30303030303030304,0.2727272727272727,0.4343434343434344,medio
2025-07,M12,P02,27,270,13.17,1.63,5.83,249.37,22943,21614,533,21081,0.024659942629776995,93,8,111,59,8,62,21,95,76,D03,C11,8,0,31,10,7,3,5,5,3,4,4,0,80,349.55,F03,31,4,72,19,83.02,2,7,18334.0,3.7013047099102434,4.369375,71.0,232.98,0.021750561690329365,3.0,1.0,15666.0,2025-08,0.05606060606060606,0.3212121212121212,0.11818181818181818,0.740909090909091,0.04696969696969697,0.06666666666666667,0.22499999999999998,bajo
2025-08,M12,P02,26,260,13.16,1.48,3.88,241.47,22057,20919,455,20464,0.021750561690329365,77,10,124,55,14,39,24,65,47,D03,C01,4,4,29,9,10,1,3,5,2,1,3,0,71,232.98,F03,29,3,66,14,45.94,1,8,15666.0,3.39404369233711,3.2814084507042254,74.0,316.99,0.020580880938642045,4.0,2.0,15282.0,2025-09,0.08787878787878788,0.6181818181818182,0.07575757575757576,0.8833333333333333,0.30303030303030304,0.048484848484848485,0.3361111111111111,bajo
2025-09,M12,P02,26,260,13.16,1.4,5.28,240.15,22064,20796,428,20368,0.020580880938642045,69,2,85,51,13,24,19,82,83,D03,C11,3,5,34,4,3,3,3,10,3,2,4,0,74,316.99,F03,34,4,69,17,72.82,2,9,15282.0,3.558376610886709,4.283648648648649,78.0,209.98,0.024855012427506214,2.0,2.0,17372.0,2025-10,0.15606060606060607,0.24242424242424243,0.2515151515151515,0.5621212121212121,0.30303030303030304,0.18787878787878787,0.28383838383838383,bajo
2025-10,M12,P02,27,270,14.17,1.47,3.5,250.86,22868,21726,540,21186,0.024855012427506214,88,19,118,43,17,78,21,58,98,D03,C01,6,1,34,7,8,3,2,9,3,3,2,0,78,209.98,F03,34,2,70,15,40.38,2,10,17372.0,3.5901684617508973,2.692051282051282,68.0,217.49,0.01827275428345053,2.0,1.0,14720.0,2025-11,0.03484848484848485,0.2696969696969697,0.030303030303030304,0.5621212121212121,0.04696969696969697,0.030303030303030304,0.16237373737373736,bajo
2025-11,M12,P02,25,250,12.15,1.11,3.62,233.11,21281,20194,369,19825,0.01827275428345053,82,28,110,66,17,0,0,31,35,D03,C05,5,2,34,5,10,4,2,1,1,2,2,0,68,217.49,F03,34,2,61,12,38.38,1,11,14720.0,3.3673368327225908,3.198382352941177,71.0,230.92,0.021621621621621623,2.0,1.0,15462.0,2025-12,0.05606060606060606,0.3090909090909091,0.10909090909090909,0.5621212121212121,0.04696969696969697,0.06060606060606061,0.19065656565656564,bajo
2025-01,M13,P07,27,270,14.17,1.7,5.78,248.35,21761,20410,564,19846,0.027633512983831456,53,40,91,125,30,40,0,46,139,D09,C10,3,1,33,6,6,5,5,13,3,8,2,0,85,346.74,F03,33,2,72,17,69.35,2,1,19136.0,4.164625183733464,4.079294117647059,70.0,234.09,0.02083106118442578,2.0,2.0,15408.0,2025-02,0.04393939393939394,0.3242424242424242,0.09090909090909091,0.5621212121212121,0.30303030303030304,0.05606060606060606,0.23005050505050506,bajo
2025-02,M13,P07,24,240,12.15,1.22,3.9,222.73,19404,18338,382,17956,0.02083106118442578,18,39,78,70,10,42,30,26,69,D03,C10,1,2,29,9,8,1,2,8,4,4,2,0,70,234.09,F03,29,2,61,13,43.47,2,2,15408.0,3.8172101646853527,3.3441428571428573,85.0,261.23,0.023349639417015483,2.0,2.0,18404.0,2025-03,0.32575757575757575,0.4303030303030303,0.1787878787878788,0.5621212121212121,0.30303030303030304,0.2878787878787879,0.347979797979798,bajo
2025-03,M13,P07,26,260,13.16,1.33,4.35,241.16,21023,19829,463,19366,0.023349639417015483,74,6,96,34,44,49,21,28,111,D09,C10,7,1,40,7,4,5,2,7,4,6,2,0,85,261.23,F03,40,2,72,20,61.47,2,3,18404.0,4.286650864894852,3.073294117647059,95.0,251.28,0.03590465654229106,1.0,3.0,20940.0,2025-04,0.5666666666666667,0.39090909090909093,0.7545454545454545,0.3878787878787879,0.6439393939393939,0.5454545454545454,0.5482323232323232,medio
2025-04,M13,P07,26,260,13.16,1.39,4.19,241.26,21015,19886,714,19172,0.03590465654229106,121,46,105,103,25,147,19,32,116,D06,C01,7,3,40,10,7,4,3,10,4,6,1,0,95,251.28,F03,40,1,73,21,55.55,3,4,20940.0,4.777230212209595,2.6450526315789475,88.0,211.67,0.028141140126466187,3.0,2.0,17850.0,2025-05,0.3984848484848485,0.2515151515151515,0.43333333333333335,0.740909090909091,0.30303030303030304,0.22121212121212122,0.39141414141414144,medio
2025-05,M13,P07,27,270,13.17,1.49,3.53,251.82,21863,20717,583,20134,0.028141140126466187,83,18,152,60,4,103,31,37,95,D03,C01,4,2,40,11,6,4,5,9,2,2,3,0,88,211.67,F03,40,3,66,13,31.27,2,5,17850.0,4.247719264372255,2.405340909090909,85.0,265.93,0.032302188552188554,2.0,2.0,18382.0,2025-06,0.32575757575757575,0.43636363636363634,0.6151515151515151,0.5621212121212121,0.30303030303030304,0.28484848484848485,0.4212121212121212,medio
2025-06,M13,P07,25,250,13.16,1.53,4.43,230.88,20149,19008,614,18394,0.032302188552188554,49,48,108,115,19,107,31,32,105,D04,C09,3,4,38,7,8,7,2,4,6,4,2,0,85,265.93,F03,38,2,70,19,59.44,2,6,18382.0,4.471801346801346,3.1285882352941177,89.0,278.17,0.020736434108527133,3.0,2.0,18694.0,2025-07,0.4318181818181818,0.4666666666666667,0.08181818181818182,0.740909090909091,0.30303030303030304,0.30303030303030304,0.38787878787878793,medio
2025-07,M13,P07,27,270,13.17,1.46,4.64,250.74,21868,20640,428,20212,0.020736434108527133,44,11,118,38,2,47,15,64,89,D03,C11,3,4,38,7,8,6,5,11,1,3,3,0,89,278.17,F03,38,3,67,14,43.76,2,7,18694.0,4.312015503875969,3.1255056179775282,91.0,386.34,0.03296480373263008,5.0,3.0,21748.0,2025-08,0.47878787878787876,0.806060606060606,0.6424242424242425,0.9621212121212122,0.6439393939393939,0.6303030303030303,0.693939393939394,alto
2025-08,M13,P07,26,260,13.16,1.18,6.44,239.22,21031,19718,650,19068,0.03296480373263008,69,82,101,76,30,61,18,143,70,D08,C11,4,2,35,5,13,3,4,10,3,7,5,0,91,386.34,F03,35,5,73,21,89.16,3,8,21748.0,4.615072522568211,4.245494505494505,86.0,201.67,0.030007013325318105,1.0,2.0,19528.0,2025-09,0.346969696969697,0.20606060606060606,0.5212121212121212,0.3878787878787879,0.30303030303030304,0.4,0.3608585858585858,medio
2025-09,M13,P07,26,260,13.16,1.44,3.36,242.04,21009,19962,599,19363,0.030007013325318105,87,47,122,146,30,45,34,11,77,D04,C09,4,2,37,9,11,2,1,8,7,4,1,0,86,201.67,F03,37,1,70,18,42.21,2,9,19528.0,4.308185552549844,2.3449999999999998,92.0,291.9,0.031801604668125455,4.0,2.0,19756.0,2025-10,0.5,0.5212121212121212,0.5909090909090909,0.8833333333333333,0.30303030303030304,0.41515151515151516,0.5356060606060606,medio
2025-10,M13,P07,27,270,14.17,1.27,4.86,249.7,21793,20565,654,19911,0.031801604668125455,94,38,128,41,34,105,0,95,119,D03,C08,5,3,31,16,5,4,2,18,1,3,4,0,92,291.9,F03,31,4,71,16,50.77,2,10,19756.0,4.473620228543641,3.1728260869565217,87.0,163.23,0.033679294239750905,0.0,2.0,20978.0,2025-11,0.36818181818181817,0.06060606060606061,0.6848484848484848,0.15151515151515152,0.30303030303030304,0.553030303030303,0.35353535353535354,bajo
2025-11,M13,P07,25,250,12.15,1.24,2.72,233.89,20254,19270,649,18621,0.033679294239750905,173,44,143,103,9,70,26,0,81,D01,C01,10,3,26,11,12,3,5,12,2,3,0,0,87,163.23,F03,26,0,67,18,33.77,2,11,20978.0,4.514789828749351,1.876206896551724,95.0,295.52,0.03054881010199126,3.0,2.0,20828.0,2025-12,0.5666666666666667,0.5242424242424243,0.5454545454545454,0.740909090909091,0.30303030303030304,0.5272727272727272,0.5345959595959596,medio
2025-01,M14,P07,27,270,14.17,1.33,23.17,231.33,21787,18875,880,17995,0.04662251655629139,109,50,224,122,58,136,37,51,93,D03,C05,10,6,66,16,12,3,4,16,4,9,3,2,151,1390.4,F03,66,5,89,34,313.07,6,1,33018.0,8.0,9.20794701986755,111.0,438.7,0.046069551604606955,4.0,4.0,24718.0,2025-02,0.8136363636363636,0.8909090909090909,0.9333333333333333,0.8833333333333333,0.8393939393939394,0.793939393939394,0.859090909090909,alto
2025-02,M14,P07,24,240,12.15,1.3,7.31,219.24,19393,17886,824,17062,0.046069551604606955,74,89,169,115,51,56,26,103,141,D03,C10,6,2,48,11,10,2,5,11,3,9,4,0,111,438.7,F03,48,4,72,24,94.85,4,2,24718.0,6.205971150620597,3.952252252252252,125.0,594.93,0.04585767946577629,3.0,4.0,27102.0,2025-03,0.9181818181818182,0.9545454545454546,0.9303030303030303,0.740909090909091,0.8393939393939394,0.8818181818181818,0.8775252525252525,alto
2025-03,M14,P07,26,260,13.16,1.38,9.92,235.55,21015,19168,879,18289,0.04585767946577629,181,53,200,119,51,75,20,31,149,D03,C01,10,3,56,12,11,6,7,8,3,6,2,1,125,594.93,F03,56,3,77,25,118.99,4,3,27102.0,6.521285475792988,4.75944,128.0,473.33,0.04128393023015791,3.0,6.0,27628.0,2025-04,0.9515151515151515,0.9303030303030303,0.8696969696969697,0.740909090909091,0.9863636363636363,0.9030303030303031,0.896969696969697,alto
2025-04,M14,P07,26,260,13.16,1.18,7.89,237.77,21030,19378,800,18578,0.04128393023015791,75,105,207,78,52,32,26,94,131,D03,C10,4,9,57,13,11,0,6,10,4,11,3,0,128,473.33,F03,57,3,83,31,114.63,6,4,27628.0,6.605428836825266,3.697890625,135.0,391.9,0.04228413357044063,3.0,6.0,29920.0,2025-05,0.9818181818181818,0.8181818181818182,0.8848484848484849,0.740909090909091,0.9863636363636363,0.9757575757575757,0.897979797979798,alto
2025-05,M14,P07,27,270,13.17,1.36,6.53,248.94,21873,20244,856,19388,0.04228413357044063,105,36,255,110,36,66,46,75,127,D03,C05,7,9,53,19,15,5,1,11,5,7,3,0,135,391.9,F03,53,3,84,31,89.99,6,5,29920.0,6.668642560758743,2.9029629629629627,128.0,397.95,0.04665379665379665,5.0,4.0,28346.0,2025-06,0.9515151515151515,0.8303030303030303,0.9424242424242424,0.9621212121212122,0.8393939393939394,0.9393939393939394,0.9108585858585858,alto
2025-06,M14,P07,25,250,13.16,1.31,6.63,228.9,20164,18648,870,17778,0.04665379665379665,199,68,174,57,36,93,26,113,104,D01,C01,11,1,55,13,12,6,5,12,2,6,5,0,128,397.95,F03,55,5,76,25,77.72,4,6,28346.0,6.864006864006864,3.108984375,125.0,498.0,0.04715108199324995,5.0,5.0,28620.0,2025-07,0.9181818181818182,0.9363636363636364,0.9575757575757575,0.9621212121212122,0.9378787878787879,0.9454545454545454,0.9429292929292928,alto
2025-07,M14,P07,27,270,13.17,1.42,8.3,247.11,21868,20148,950,19198,0.04715108199324995,113,51,228,143,49,58,31,142,135,D03,C10,6,5,49,14,15,7,1,9,7,7,5,0,125,498.0,F03,49,5,83,30,119.52,5,7,28620.0,6.20408973595394,3.984,124.0,395.62,0.049673806955360354,3.0,5.0,28916.0,2025-08,0.9090909090909091,0.8242424242424242,0.9757575757575757,0.740909090909091,0.9378787878787879,0.9515151515151515,0.8898989898989899,alto
2025-08,M14,P07,26,260,13.16,1.5,6.59,238.74,21005,19467,967,18500,0.049673806955360354,196,79,233,112,51,73,32,72,119,D03,C01,11,2,50,9,16,7,7,8,4,7,3,0,124,395.62,F03,50,3,79,27,86.14,5,8,28916.0,6.369753942569476,3.190483870967742,129.0,329.04,0.043451526952244315,1.0,6.0,28766.0,2025-09,0.9590909090909091,0.6575757575757576,0.906060606060606,0.3878787878787879,0.9863636363636363,0.9484848484848485,0.8075757575757575,alto
2025-09,M14,P07,26,260,13.16,1.51,5.48,239.84,21006,19516,848,18668,0.043451526952244315,213,97,159,92,77,54,17,21,118,D01,C10,11,7,55,11,10,5,2,14,4,9,1,0,129,329.04,F03,55,1,84,32,81.62,6,9,28766.0,6.609961057593769,2.550697674418605,137.0,558.84,0.0451383676124706,5.0,6.0,29806.0,2025-10,0.9893939393939394,0.9515151515151515,0.9242424242424242,0.9621212121212122,0.9863636363636363,0.9696969696969697,0.9638888888888889,alto
2025-10,M14,P07,27,270,14.17,1.52,9.31,245.0,21774,19983,902,19081,0.0451383676124706,147,77,185,82,34,97,11,117,152,D03,C10,8,8,58,15,12,3,8,9,1,10,5,0,137,558.84,F03,58,5,87,32,130.53,6,10,29806.0,6.855827453335334,4.079124087591241,110.0,251.9,0.04052411898346278,2.0,3.0,23746.0,2025-11,0.7984848484848485,0.396969696969697,0.8484848484848485,0.5621212121212121,0.6439393939393939,0.7484848484848485,0.6664141414141415,alto
2025-11,M14,P07,25,250,12.15,1.33,4.2,232.32,20248,18927,767,18160,0.04052411898346278,56,62,268,123,35,55,0,52,116,D03,C05,4,2,43,17,12,4,4,15,2,5,2,0,110,251.9,F03,43,2,64,15,34.35,3,11,23746.0,5.811803244042901,2.29,142.0,312.64,0.05243243243243243,0.0,5.0,31928.0,2025-12,0.996969696969697,0.593939393939394,0.9878787878787879,0.15151515151515152,0.9378787878787879,0.9939393939393939,0.777020202020202,alto
2025-01,M15,P07,27,270,14.17,1.51,6.29,248.03,21774,20353,865,19488,0.04249987716798506,95,87,211,128,30,109,17,89,99,D03,C10,6,4,38,14,14,3,5,16,5,9,3,0,117,377.49,F03,38,3,82,27,87.11,4,1,27820.0,5.7485382990222575,3.2264102564102566,90.0,469.43,0.04055484374129575,5.0,3.0,20142.0,2025-02,0.4590909090909091,0.9212121212121213,0.8515151515151516,0.9621212121212122,0.6439393939393939,0.4666666666666667,0.7174242424242424,alto
2025-02,M15,P07,24,240,12.15,1.17,7.82,218.86,19407,17951,728,17223,0.04055484374129575,32,73,143,100,40,45,16,123,156,D09,C10,2,2,38,8,8,3,2,11,2,9,5,0,90,469.43,F03,38,5,68,20,104.32,3,2,20142.0,5.013648264720628,5.215888888888889,103.0,258.28,0.04328960645812311,2.0,3.0,24298.0,2025-03,0.7257575757575757,0.41515151515151516,0.9030303030303031,0.5621212121212121,0.6439393939393939,0.7757575757575758,0.6709595959595959,alto
2025-03,M15,P07,26,260,13.16,1.62,4.3,240.91,20992,19820,858,18962,0.04328960645812311,161,94,174,89,36,151,14,48,91,D03,C10,9,3,39,9,12,2,3,14,4,6,2,0,103,258.28,F03,39,2,76,24,60.18,3,3,24298.0,5.196770938446014,2.5075728155339805,106.0,443.13,0.040008175361504264,4.0,3.0,23374.0,2025-04,0.753030303030303,0.8939393939393939,0.8333333333333334,0.8833333333333333,0.6439393939393939,0.7303030303030303,0.7896464646464647,alto
2025-04,M15,P07,26,260,13.16,1.18,7.39,238.28,21033,19571,783,18788,0.040008175361504264,43,88,168,96,58,60,24,106,140,D03,C10,2,3,44,12,11,4,4,10,3,9,4,0,106,443.13,F03,44,4,73,21,87.79,3,4,23374.0,5.416176996576568,4.180471698113207,100.0,274.26,0.034263836386546474,1.0,2.0,21262.0,2025-05,0.6787878787878788,0.45151515151515154,0.703030303030303,0.3878787878787879,0.30303030303030304,0.5878787878787879,0.5186868686868688,medio
2025-05,M15,P07,27,270,13.17,1.33,4.57,250.94,21879,20634,707,19927,0.034263836386546474,79,29,179,124,43,68,41,12,132,D03,C05,4,3,41,15,9,10,3,4,4,6,1,0,100,274.26,F03,41,1,71,18,49.37,2,5,21262.0,4.846370068818455,2.7426,96.0,181.5,0.025281339963360377,0.0,2.0,19950.0,2025-06,0.5924242424242424,0.12121212121212122,0.27575757575757576,0.15151515151515152,0.30303030303030304,0.4393939393939394,0.3138888888888889,bajo
2025-06,M15,P07,25,250,13.16,1.16,3.02,232.66,20178,19105,483,18622,0.025281339963360377,93,45,162,31,34,40,0,0,78,D03,C01,7,1,46,11,10,4,6,7,0,4,0,0,96,181.5,F03,46,0,63,12,22.69,2,6,19950.0,5.0248626014132425,1.890625,118.0,307.73,0.03361507820849121,3.0,3.0,25694.0,2025-07,0.8666666666666667,0.5848484848484848,0.6787878787878788,0.740909090909091,0.6439393939393939,0.8424242424242424,0.7262626262626263,alto
2025-07,M15,P07,27,270,13.17,0.9,5.13,250.81,21915,20586,692,19894,0.03361507820849121,148,11,170,63,19,119,0,49,113,D03,C01,10,5,48,15,11,3,5,13,1,4,3,0,118,307.73,F03,48,3,76,23,59.98,3,7,25694.0,5.7320509083843385,2.6078813559322036,102.0,383.42,0.029582484725050918,5.0,3.0,21420.0,2025-08,0.7136363636363636,0.8,0.5060606060606061,0.9621212121212122,0.6439393939393939,0.6060606060606061,0.7053030303030302,alto
2025-08,M15,P07,26,260,13.16,1.35,6.39,239.1,21016,19640,581,19059,0.029582484725050918,112,0,168,74,12,47,0,93,75,D03,C05,6,5,50,9,9,3,0,10,1,4,5,0,102,383.42,F03,50,5,73,21,78.94,3,8,21420.0,5.193482688391039,3.7590196078431375,90.0,288.66,0.02889001520527116,2.0,2.0,19934.0,2025-09,0.4590909090909091,0.509090909090909,0.4666666666666667,0.5621212121212121,0.30303030303030304,0.43636363636363634,0.4560606060606061,medio
2025-09,M15,P07,26,260,13.16,1.37,4.81,240.66,21014,19730,570,19160,0.02889001520527116,72,71,138,84,31,77,21,22,54,D03,C10,6,1,36,13,10,6,2,7,3,4,2,0,90,288.66,F03,36,2,68,16,51.32,2,9,19934.0,4.5615813482007095,3.2073333333333336,110.0,330.58,0.04322372914430676,1.0,3.0,25092.0,2025-10,0.7984848484848485,0.6636363636363637,0.9,0.3878787878787879,0.6439393939393939,0.8212121212121212,0.7025252525252524,alto
2025-10,M15,P07,27,270,14.17,1.3,5.51,249.02,21794,20498,886,19612,0.04322372914430676,151,122,195,78,62,112,6,14,146,D03,C10,9,1,40,18,11,4,5,10,2,9,1,0,110,330.58,F03,40,1,77,22,66.12,3,10,25092.0,5.366377207532442,3.005272727272727,82.0,288.27,0.02728613569321534,3.0,2.0,18108.0,2025-11,0.24848484848484848,0.5,0.38484848484848483,0.740909090909091,0.30303030303030304,0.24242424242424243,0.4032828282828283,medio
2025-11,M15,P07,25,250,12.15,1.36,4.8,231.68,20247,18984,518,18466,0.02728613569321534,27,33,118,100,26,40,31,60,83,D03,C10,2,3,34,7,8,1,6,9,4,5,3,0,82,288.27,F03,34,3,66,17,59.76,2,11,18108.0,4.319426885798567,3.5154878048780485,102.0,390.82,0.033644400785854615,3.0,3.0,22932.0,2025-12,0.7136363636363636,0.8151515151515152,0.6818181818181818,0.740909090909091,0.6439393939393939,0.7151515151515152,0.7184343434343434,alto
2025-01,M16,P07,27,270,14.17,1.43,3.36,251.04,21778,20682,528,20154,0.025529445894981143,94,33,152,86,31,47,26,21,38,D03,C05,7,2,32,11,8,2,3,3,3,4,1,0,76,201.79,F03,32,1,72,17,45.14,2,1,16954.0,3.6746929697321344,2.655131578947368,75.0,146.99,0.026194728581479677,0.0,1.0,15076.0,2025-02,0.10151515151515152,0.030303030303030304,0.33636363636363636,0.15151515151515152,0.04696969696969697,0.03636363636363636,0.11717171717171719,bajo
2025-02,M16,P07,24,240,12.15,1.1,2.45,224.3,19410,18477,484,17993,0.026194728581479677,81,43,113,52,23,94,18,0,60,D03,C10,5,1,37,9,3,4,4,5,4,3,0,0,75,146.99,F03,37,0,61,13,25.48,1,2,15076.0,4.059100503328462,1.9598666666666669,81.0,398.93,0.029673288958894366,5.0,2.0,17328.0,2025-03,0.21818181818181817,0.8333333333333334,0.509090909090909,0.9621212121212122,0.30303030303030304,0.17727272727272728,0.5005050505050505,medio
2025-03,M16,P07,26,260,13.16,1.48,6.65,238.71,21004,19681,584,19097,0.029673288958894366,86,57,161,49,35,0,26,90,80,D03,C10,5,1,38,9,7,2,5,3,2,4,5,0,81,398.93,F03,38,5,69,17,83.73,2,3,17328.0,4.115644530257608,4.925061728395062,88.0,203.94,0.02899784644663695,1.0,2.0,18862.0,2025-04,0.3984848484848485,0.21818181818181817,0.47575757575757577,0.3878787878787879,0.30303030303030304,0.32272727272727275,0.35101010101010105,bajo
2025-04,M16,P07,26,260,13.16,1.07,3.4,242.37,21039,19967,579,19388,0.02899784644663695,88,65,127,63,4,92,8,11,121,D03,C12,5,3,33,13,8,5,6,9,2,3,1,0,88,203.94,F03,33,1,66,14,32.45,2,4,18862.0,4.4072719987980165,2.3175,84.0,333.02,0.025018217148409037,4.0,2.0,18726.0,2025-05,0.29848484848484846,0.6727272727272727,0.2606060606060606,0.8833333333333333,0.30303030303030304,0.31212121212121213,0.4550505050505051,medio
2025-05,M16,P07,27,270,13.17,1.31,5.55,249.97,21879,20585,515,20070,0.025018217148409037,66,55,94,39,26,19,10,109,97,D08,C11,4,3,36,6,8,3,3,9,3,5,4,0,84,333.02,F03,36,4,72,19,75.33,2,5,18726.0,4.080641243623998,3.964523809523809,84.0,251.56,0.027582958233015806,2.0,2.0,19882.0,2025-06,0.29848484848484846,0.3939393939393939,0.4,0.5621212121212121,0.30303030303030304,0.4303030303030303,0.39797979797979793,medio
2025-06,M16,P07,25,250,13.16,1.33,4.19,231.32,20162,19106,527,18579,0.027582958233015806,125,20,128,65,26,13,15,50,85,D03,C01,8,3,26,10,8,3,5,12,2,5,2,0,84,251.56,F03,26,2,71,20,59.89,2,6,19882.0,4.396524651941798,2.994761904761905,95.0,238.41,0.03025915737657449,1.0,2.0,20990.0,2025-07,0.5666666666666667,0.3393939393939394,0.5333333333333333,0.3878787878787879,0.30303030303030304,0.5575757575757576,0.447979797979798,medio
2025-07,M16,P07,27,270,13.17,1.54,3.97,251.32,21855,20721,627,20094,0.03025915737657449,109,43,154,87,53,77,11,13,80,D03,C01,7,3,39,9,9,5,4,11,2,5,1,0,95,238.41,F03,39,1,71,18,45.17,2,7,20990.0,4.584720814632498,2.509578947368421,85.0,306.57,0.025101214574898785,2.0,2.0,17328.0,2025-08,0.32575757575757575,0.5787878787878787,0.2636363636363636,0.5621212121212121,0.30303030303030304,0.17727272727272728,0.3684343434343435,medio
2025-08,M16,P07,26,260,13.16,1.49,5.11,240.24,21009,19760,496,19264,0.025101214574898785,50,70,130,27,14,55,0,48,102,D03,C10,3,3,41,10,6,3,5,5,0,7,2,0,85,306.57,F03,41,2,67,15,54.1,2,8,17328.0,4.301619433198381,3.606705882352941,79.0,348.24,0.029717005011896926,2.0,2.0,18696.0,2025-09,0.17424242424242425,0.706060606060606,0.5151515151515151,0.5621212121212121,0.30303030303030304,0.30606060606060603,0.4277777777777778,medio
2025-09,M16,P07,26,260,13.16,1.45,5.8,239.59,21009,19753,587,19166,0.029717005011896926,57,73,130,40,56,14,11,52,154,D09,C10,4,2,32,7,10,5,1,4,1,11,2,0,79,348.24,F03,32,2,72,20,88.16,2,9,18696.0,3.999392497342176,4.4081012658227845,90.0,288.53,0.026939132123094844,2.0,2.0,20582.0,2025-10,0.4590909090909091,0.5060606060606061,0.35454545454545455,0.5621212121212121,0.30303030303030304,0.5121212121212121,0.44949494949494956,medio
2025-10,M16,P07,27,270,14.17,1.09,4.81,249.93,21808,20602,555,20047,0.026939132123094844,115,41,159,61,22,25,0,39,93,D03,C05,5,4,36,9,11,3,2,9,2,7,2,0,90,288.53,F03,36,2,75,20,64.12,2,10,20582.0,4.368507911853218,3.2058888888888886,83.0,169.16,0.025928812678617824,1.0,2.0,18224.0,2025-11,0.2727272727272727,0.07272727272727272,0.3212121212121212,0.3878787878787879,0.30303030303030304,0.25757575757575757,0.2691919191919192,bajo
2025-11,M16,P07,25,250,12.15,1.26,2.82,233.77,20259,19245,499,18746,0.025928812678617824,93,11,99,114,7,45,15,31,84,D04,C01,7,1,38,6,9,5,4,6,4,2,1,0,83,169.16,F03,38,1,64,15,30.57,2,11,18224.0,4.312808521693946,2.0380722891566263,99.0,303.68,0.02876332311286319,3.0,2.0,21304.0,2025-12,0.6636363636363637,0.5606060606060606,0.4636363636363636,0.740909090909091,0.30303030303030304,0.593939393939394,0.5542929292929294,medio
2025-01,M17,P08,27,270,14.17,1.62,5.15,249.06,21762,20396,748,19648,0.036673857619141007,133,50,142,113,54,107,6,19,124,D03,C10,8,3,41,6,15,4,8,11,3,7,1,0,107,309.1,F03,41,1,77,22,63.55,3,1,25256.0,5.246126691508139,2.888785046728972,89.0,258.65,0.036223147742218326,2.0,2.0,20392.0,2025-02,0.4318181818181818,0.4212121212121212,0.7666666666666667,0.5621212121212121,0.30303030303030304,0.48787878787878786,0.4954545454545454,medio
2025-02,M17,P08,24,240,12.15,1.07,4.31,222.47,19415,18248,661,17587,0.036223147742218326,52,78,183,117,24,44,8,48,107,D03,C10,4,0,36,8,12,5,3,10,4,5,2,0,89,258.65,F03,36,2,63,15,43.59,2,2,20392.0,4.877246821569487,2.9061797752808984,119.0,252.2,0.038587973499216104,1.0,3.0,27006.0,2025-03,0.8787878787878788,0.4,0.803030303030303,0.3878787878787879,0.6439393939393939,0.8787878787878788,0.6654040404040404,alto
2025-03,M17,P08,26,260,13.16,1.22,4.2,241.41,21030,19773,763,19010,0.038587973499216104,147,69,201,107,25,76,28,28,82,D03,C01,11,3,52,11,15,3,3,11,3,6,1,0,119,252.2,F03,52,1,76,24,50.86,3,3,27006.0,6.0183077934557225,2.119327731092437,98.0,239.11,0.03674950849422796,0.0,2.0,22188.0,2025-04,0.6454545454545455,0.3575757575757576,0.7787878787878788,0.15151515151515152,0.30303030303030304,0.6818181818181818,0.4863636363636364,medio
2025-04,M17,P08,26,260,13.16,1.37,3.99,241.48,21013,19837,729,19108,0.03674950849422796,33,133,213,119,25,85,32,0,89,D03,C05,2,1,40,9,15,4,7,9,4,7,0,0,98,239.11,F03,40,0,66,14,34.16,2,4,22188.0,4.940263144628724,2.4398979591836736,93.0,890.09,0.030872959545777148,4.0,4.0,22620.0,2025-05,0.5242424242424243,0.9939393939393939,0.5606060606060606,0.8833333333333333,0.8393939393939394,0.703030303030303,0.7507575757575756,alto
2025-05,M17,P08,27,270,13.17,1.39,14.83,240.61,21871,19726,609,19117,0.030872959545777148,89,69,137,78,28,47,7,58,96,D03,C10,6,3,29,12,11,4,3,9,3,9,3,1,93,890.09,F03,29,4,78,25,239.27,4,5,22620.0,4.714589881374835,9.570860215053763,92.0,290.26,0.03648634398397132,1.0,3.0,21718.0,2025-06,0.5,0.5121212121212121,0.7727272727272727,0.3878787878787879,0.6439393939393939,0.6272727272727273,0.573989898989899,medio
2025-06,M17,P08,25,250,13.16,1.34,4.84,230.66,20164,18966,692,18274,0.03648634398397132,104,36,159,85,79,59,11,19,140,D03,C10,5,2,38,6,12,3,4,8,2,11,1,0,92,290.26,F03,38,1,72,21,66.26,3,6,21718.0,4.850785616366129,3.155,97.0,236.68,0.03320066013008446,1.0,3.0,21612.0,2025-07,0.6181818181818182,0.33636363636363636,0.6606060606060606,0.3878787878787879,0.6439393939393939,0.6212121212121212,0.5446969696969697,medio
2025-07,M17,P08,27,270,13.17,1.53,3.94,251.36,21860,20602,684,19918,0.03320066013008446,191,49,136,89,44,47,38,27,63,D01,C01,11,1,42,10,8,4,5,7,4,4,1,0,97,236.68,F03,42,1,74,21,51.24,3,7,21612.0,4.708280749441801,2.44,104.0,358.77,0.036182031289812976,2.0,4.0,24224.0,2025-08,0.7348484848484849,0.7333333333333333,0.7636363636363637,0.5621212121212121,0.8393939393939394,0.7727272727272727,0.7343434343434344,alto
2025-08,M17,P08,26,260,13.16,1.43,5.98,239.43,21010,19623,710,18913,0.036182031289812976,110,80,171,82,39,58,25,49,96,D03,C10,7,1,43,12,12,3,3,6,5,10,2,0,104,358.77,F03,43,2,77,25,86.24,4,8,24224.0,5.299903174845844,3.449711538461538,108.0,358.26,0.04012219959266802,3.0,4.0,25220.0,2025-09,0.7757575757575758,0.7303030303030303,0.8363636363636363,0.740909090909091,0.8393939393939394,0.8272727272727273,0.7916666666666666,alto
2025-09,M17,P08,26,260,13.16,1.18,5.97,239.69,21031,19640,788,18852,0.04012219959266802,125,68,175,121,36,80,6,85,92,D03,C05,8,4,47,4,12,2,1,15,4,8,3,0,108,358.26,F03,47,3,79,27,89.56,4,9,25220.0,5.4989816700611,3.317222222222222,107.0,373.16,0.031126482213438736,3.0,3.0,23740.0,2025-10,0.7651515151515151,0.7787878787878788,0.5696969696969697,0.740909090909091,0.6439393939393939,0.7454545454545455,0.7073232323232324,alto
2025-10,M17,P08,27,270,14.17,1.49,6.22,248.12,21773,20240,630,19610,0.031126482213438736,86,64,174,76,37,32,28,63,70,D03,C10,6,4,46,8,11,4,4,12,3,6,3,0,107,373.16,F03,46,3,77,22,76.72,3,10,23740.0,5.286561264822134,3.4874766355140188,93.0,305.62,0.028566919191919192,2.0,2.0,20436.0,2025-11,0.5242424242424243,0.5696969696969697,0.45151515151515154,0.5621212121212121,0.30303030303030304,0.4909090909090909,0.48358585858585856,medio
2025-11,M17,P08,25,250,12.15,1.31,5.09,231.45,20253,19008,543,18465,0.028566919191919192,63,42,147,64,34,56,0,41,96,D03,C10,4,3,39,11,11,3,3,10,0,7,2,0,93,305.62,F03,39,2,65,16,52.58,2,11,20436.0,4.892676767676768,3.286236559139785,96.0,319.76,0.02743558282208589,1.0,3.0,21088.0,2025-12,0.5924242424242424,0.6242424242424243,0.39090909090909093,0.3878787878787879,0.6439393939393939,0.5757575757575758,0.5358585858585859,medio
2025-01,M18,P08,27,270,14.17,1.71,7.66,246.46,21754,20133,1129,19004,0.05607708736899618,200,149,185,156,49,68,83,102,137,D01,C10,10,5,56,11,13,2,3,7,6,9,4,0,126,459.55,F03,56,4,89,34,124.0,6,1,28752.0,6.258381761287438,3.647222222222222,115.0,340.83,0.039007879258683834,1.0,4.0,26044.0,2025-02,0.8393939393939394,0.696969696969697,0.8151515151515152,0.3878787878787879,0.8393939393939394,0.8666666666666667,0.7409090909090909,alto
2025-02,M18,P08,24,240,12.15,1.25,5.68,220.92,19402,18022,703,17319,0.039007879258683834,166,69,153,68,34,70,0,33,110,D01,C01,10,3,49,12,12,3,3,11,2,9,1,0,115,340.83,F03,49,1,73,25,74.09,4,2,26044.0,6.381089779158805,2.9637391304347824,109.0,288.41,0.03186885913556992,2.0,4.0,23806.0,2025-03,0.7863636363636364,0.503030303030303,0.5969696969696969,0.5621212121212121,0.8393939393939394,0.7545454545454545,0.6737373737373739,alto
2025-03,M18,P08,26,260,13.16,1.41,4.81,240.62,21016,19643,626,19017,0.03186885913556992,130,39,188,76,18,30,14,44,87,D03,C01,8,6,45,12,12,3,5,11,1,4,2,0,109,288.41,F03,45,2,73,21,55.57,4,3,23806.0,5.549050552359619,2.645963302752294,123.0,413.91,0.04313624678663239,2.0,6.0,27380.0,2025-04,0.9045454545454545,0.8545454545454545,0.896969696969697,0.5621212121212121,0.9863636363636363,0.896969696969697,0.8502525252525253,alto
2025-04,M18,P08,26,260,13.16,1.18,6.9,238.76,21031,19450,839,18611,0.04313624678663239,119,106,174,66,78,84,54,21,137,D03,C10,7,7,51,12,8,4,6,8,7,11,2,0,123,413.91,F03,51,2,86,34,114.41,6,4,27380.0,6.323907455012853,3.3651219512195123,139.0,425.18,0.04630177514792899,3.0,5.0,30424.0,2025-05,0.9939393939393939,0.8757575757575757,0.9363636363636364,0.740909090909091,0.9378787878787879,0.9848484848484849,0.9116161616161614,alto
2025-05,M18,P08,27,270,13.17,1.23,7.09,248.52,21891,20280,939,19341,0.04630177514792899,169,125,204,113,21,68,34,73,132,D03,C10,12,4,59,18,10,4,3,14,5,7,3,0,139,425.18,F03,59,3,84,31,94.82,5,5,30424.0,6.854043392504931,3.0588489208633094,118.0,415.24,0.046724961107236736,4.0,6.0,27176.0,2025-06,0.8666666666666667,0.8606060606060606,0.9484848484848485,0.8833333333333333,0.9863636363636363,0.8848484848484849,0.905050505050505,alto
2025-06,M18,P08,25,250,13.16,1.56,6.92,228.36,20143,18641,871,17770,0.046724961107236736,119,102,175,85,55,49,77,113,96,D03,C10,8,4,48,11,9,5,3,8,8,10,4,0,118,415.24,F03,48,4,85,34,119.65,6,6,27176.0,6.3301325036210505,3.5189830508474578,128.0,365.38,0.04167895409417084,2.0,5.0,30110.0,2025-07,0.9515151515151515,0.7484848484848485,0.8757575757575757,0.5621212121212121,0.9378787878787879,0.9818181818181818,0.842929292929293,alto
2025-07,M18,P08,27,270,13.17,1.22,6.09,249.53,21884,20346,848,19498,0.04167895409417084,116,59,186,175,51,16,54,58,133,D03,C05,8,2,47,13,17,7,3,15,7,7,2,0,128,365.38,F03,47,2,79,26,74.22,5,7,30110.0,6.291162882138995,2.85453125,120.0,264.23,0.0447487654635239,0.0,4.0,28036.0,2025-08,0.8863636363636364,0.43333333333333335,0.9212121212121213,0.15151515151515152,0.8393939393939394,0.9242424242424242,0.6926767676767677,alto
2025-08,M18,P08,26,260,13.16,1.29,4.4,241.14,21022,19643,879,18764,0.0447487654635239,188,66,213,123,68,53,43,0,125,D03,C01,11,2,44,14,14,1,9,13,5,7,0,0,120,264.23,F03,44,0,77,25,55.05,4,8,28036.0,6.109046479661966,2.201916666666667,122.0,327.44,0.03569428178624166,1.0,3.0,25840.0,2025-09,0.8954545454545455,0.6484848484848484,0.7424242424242424,0.3878787878787879,0.6439393939393939,0.8575757575757575,0.695959595959596,alto
2025-09,M18,P08,26,260,13.16,1.31,5.46,240.07,21022,19639,701,18938,0.03569428178624166,59,29,207,106,23,69,31,30,147,D03,C10,3,5,53,14,12,3,7,13,4,7,1,0,122,327.44,F03,53,1,72,20,53.68,3,9,25840.0,6.212128927134783,2.6839344262295084,132.0,841.5,0.05295138888888889,5.0,6.0,31096.0,2025-10,0.9666666666666667,0.9878787878787879,0.990909090909091,0.9621212121212122,0.9863636363636363,0.9878787878787879,0.9803030303030303,alto
2025-10,M18,P08,27,270,14.17,1.24,14.03,240.56,21796,19584,1037,18547,0.05295138888888889,191,63,210,161,35,104,51,126,96,D03,C01,13,3,50,14,14,5,5,9,8,6,4,1,132,841.5,F03,50,5,90,35,223.13,6,10,31096.0,6.740196078431373,6.375,117.0,514.53,0.04829103396469389,3.0,5.0,27758.0,2025-11,0.853030303030303,0.9484848484848485,0.9636363636363636,0.740909090909091,0.9378787878787879,0.906060606060606,0.8916666666666666,alto
2025-11,M18,P08,25,250,12.15,1.2,8.58,228.07,20260,18637,900,17737,0.04829103396469389,100,122,127,88,118,89,0,83,173,D09,C10,7,1,47,9,11,2,5,13,3,16,3,0,117,514.53,F03,47,3,79,30,131.93,5,11,27758.0,6.277834415410206,4.397692307692307,143.0,413.93,0.04851578373556668,3.0,6.0,32556.0,2025-12,1.0,0.8575757575757575,0.9696969696969697,0.740909090909091,0.9863636363636363,1.0,0.9257575757575758,alto
2025-01,M19,P08,27,270,14.17,1.44,3.96,250.43,21778,20631,743,19888,0.03601376569240464,129,101,129,87,36,79,31,23,128,D01,C10,9,3,36,12,5,3,1,11,4,7,1,0,92,237.47,F03,36,1,79,24,61.95,3,1,20786.0,4.459308807134894,2.5811956521739132,82.0,210.3,0.025604706907823054,2.0,3.0,18188.0,2025-02,0.24848484848484848,0.24848484848484848,0.30303030303030304,0.5621212121212121,0.6439393939393939,0.24848484848484848,0.3757575757575758,medio
2025-02,M19,P08,24,240,12.15,1.16,3.51,223.18,19406,18356,470,17886,0.025604706907823054,141,32,105,40,4,32,0,49,67,D01,C01,9,5,31,10,6,1,5,9,2,2,2,0,82,210.3,F03,31,2,68,20,51.29,3,2,18188.0,4.4672041839180645,2.5646341463414637,81.0,255.13,0.025185859505386134,3.0,2.0,18232.0,2025-03,0.21818181818181817,0.403030303030303,0.26666666666666666,0.740909090909091,0.30303030303030304,0.26515151515151514,0.3661616161616162,medio
2025-03,M19,P08,26,260,13.16,1.47,4.25,241.12,21008,19773,498,19275,0.025185859505386134,90,23,138,71,11,50,0,72,43,D03,C05,6,3,32,12,11,0,3,7,1,3,3,0,81,255.13,F03,32,3,68,16,50.4,2,3,18232.0,4.096495220755576,3.149753086419753,98.0,466.77,0.03720693170234455,6.0,3.0,22698.0,2025-04,0.6454545454545455,0.9181818181818182,0.7878787878787878,0.9924242424242424,0.6439393939393939,0.706060606060606,0.7823232323232322,alto
2025-04,M19,P08,26,260,13.16,1.32,7.78,237.74,21019,19620,730,18890,0.03720693170234455,78,37,161,84,50,81,27,124,88,D03,C11,5,3,34,12,10,1,5,13,3,6,6,0,98,466.77,F03,34,6,75,23,109.55,3,4,22698.0,4.994903160040775,4.762959183673469,84.0,236.21,0.027683506254242218,2.0,2.0,17960.0,2025-05,0.29848484848484846,0.3333333333333333,0.40606060606060607,0.5621212121212121,0.30303030303030304,0.23030303030303031,0.35555555555555557,bajo
2025-05,M19,P08,27,270,13.17,1.32,3.94,251.57,21877,20626,571,20055,0.027683506254242218,80,59,149,56,27,58,19,47,76,D03,C10,5,0,39,11,7,2,3,7,3,5,2,0,84,236.21,F03,39,2,68,15,42.18,2,5,17960.0,4.072529816736158,2.8120238095238097,93.0,316.8,0.039519627552639935,3.0,3.0,21192.0,2025-06,0.5242424242424243,0.6151515151515151,0.8242424242424242,0.740909090909091,0.6439393939393939,0.5848484848484848,0.6555555555555556,alto
2025-06,M19,P08,25,250,13.16,1.36,5.28,230.2,20161,18902,747,18155,0.039519627552639935,80,52,188,50,41,101,34,77,124,D03,C10,6,3,35,12,8,3,1,12,3,7,3,0,93,316.8,F03,35,3,73,22,74.94,3,6,21192.0,4.92011427362184,3.406451612903226,98.0,340.89,0.02595256609642302,3.0,3.0,21182.0,2025-07,0.6454545454545455,0.7,0.3242424242424242,0.740909090909091,0.6439393939393939,0.5818181818181818,0.6060606060606061,medio
2025-07,M19,P08,27,270,13.17,1.32,5.68,249.83,21873,20576,534,20042,0.02595256609642302,80,26,133,61,18,51,18,50,97,D03,C10,6,4,47,8,10,3,3,6,2,6,3,0,98,340.89,F03,47,3,74,21,73.05,3,7,21182.0,4.762830482115086,3.478469387755102,88.0,238.59,0.033774601097297026,1.0,3.0,19630.0,2025-08,0.3984848484848485,0.34545454545454546,0.6878787878787879,0.3878787878787879,0.6439393939393939,0.403030303030303,0.4777777777777777,medio
2025-08,M19,P08,26,260,13.16,1.37,3.98,241.49,21018,19867,671,19196,0.033774601097297026,139,76,92,94,40,71,37,12,110,D01,C01,9,0,38,8,5,6,5,5,6,5,1,0,88,238.59,F03,38,1,73,21,56.94,3,8,19630.0,4.429455881612724,2.71125,80.0,298.53,0.027397954016003243,5.0,2.0,18024.0,2025-09,0.19242424242424241,0.5318181818181819,0.3878787878787879,0.9621212121212122,0.30303030303030304,0.23636363636363636,0.4356060606060606,medio
2025-09,M19,P08,26,260,13.16,1.33,4.98,240.53,21020,19746,541,19205,0.027397954016003243,92,2,150,50,3,53,18,123,50,D03,C11,5,3,34,6,11,2,1,10,3,0,5,0,80,298.53,F03,34,5,68,16,59.71,2,9,18024.0,4.051453458928391,3.7316249999999997,84.0,739.6,0.028313253012048192,4.0,3.0,19176.0,2025-10,0.29848484848484846,0.9787878787878788,0.4393939393939394,0.8833333333333333,0.6439393939393939,0.3515151515151515,0.5992424242424242,medio
2025-10,M19,P08,27,270,14.17,1.37,12.33,242.13,21782,19920,564,19356,0.028313253012048192,121,27,131,56,25,51,27,69,57,D03,C01,9,2,33,12,8,2,2,6,3,3,3,1,84,739.6,F03,33,4,76,21,184.9,3,10,19176.0,4.216867469879518,8.804761904761905,92.0,321.13,0.02967374690349444,4.0,2.0,19158.0,2025-11,0.5,0.6303030303030303,0.5121212121212121,0.8833333333333333,0.30303030303030304,0.34545454545454546,0.5290404040404041,medio
2025-11,M19,P08,25,250,12.15,1.11,5.35,231.38,20265,18973,563,18410,0.02967374690349444,71,47,149,33,24,51,0,98,90,D03,C11,4,1,44,8,9,5,5,8,0,4,4,0,92,321.13,F03,44,4,62,13,45.38,2,11,19158.0,4.848995941601222,3.4905434782608693,86.0,287.8,0.025185977536830845,2.0,2.0,19316.0,2025-12,0.346969696969697,0.49696969696969695,0.2696969696969697,0.5621212121212121,0.30303030303030304,0.37575757575757573,0.3924242424242424,medio
2025-01,M20,P09,27,270,14.17,0.73,1.98,253.12,22933,21953,463,21490,0.02109051154739671,171,24,100,23,11,98,0,0,36,D01,C01,11,2,38,8,5,3,2,5,0,1,0,0,75,118.77,F03,38,0,69,14,22.17,2,1,15526.0,3.416389559513506,1.5836,76.0,183.47,0.0243161094224924,0.0,2.0,16754.0,2025-02,0.11666666666666667,0.13636363636363635,0.22121212121212122,0.15151515151515152,0.30303030303030304,0.1303030303030303,0.1765151515151515,bajo
2025-02,M20,P09,24,240,12.15,0.67,3.06,224.13,20424,19411,472,18939,0.0243161094224924,154,47,102,34,32,41,16,0,46,D01,C01,9,1,31,11,5,2,5,6,1,5,0,0,76,183.47,F03,31,0,64,16,38.62,2,2,16754.0,3.9153057544691157,2.414078947368421,77.0,149.27,0.020512820512820513,0.0,1.0,15380.0,2025-03,0.13484848484848486,0.04242424242424243,0.06666666666666667,0.15151515151515152,0.04696969696969697,0.051515151515151514,0.08232323232323234,bajo
2025-03,M20,P09,26,260,13.16,0.83,2.49,243.52,22116,21060,432,20628,0.020512820512820513,55,40,122,61,6,81,35,0,32,D03,C09,3,3,37,11,5,0,6,5,5,2,0,0,77,149.27,F03,37,0,65,13,25.2,1,3,15380.0,3.65622032288699,1.9385714285714286,98.0,206.11,0.030449100367489143,0.0,3.0,21834.0,2025-04,0.6454545454545455,0.23636363636363636,0.5393939393939394,0.15151515151515152,0.6439393939393939,0.6424242424242425,0.47651515151515156,medio
2025-04,M20,P09,26,260,13.16,0.6,3.44,242.8,22137,20953,638,20315,0.030449100367489143,173,42,142,96,31,27,51,0,76,D01,C01,10,4,39,13,6,1,3,12,5,5,0,0,98,206.11,F03,39,0,76,24,50.48,3,4,21834.0,4.677134539206796,2.1031632653061227,78.0,179.66,0.023179561910833826,0.0,2.0,17144.0,2025-05,0.15606060606060607,0.11515151515151516,0.16363636363636364,0.15151515151515152,0.30303030303030304,0.15757575757575756,0.17449494949494948,bajo
2025-05,M20,P09,27,270,13.17,0.67,2.99,253.17,23030,21959,509,21450,0.023179561910833826,83,69,122,63,22,29,24,0,97,D03,C10,5,5,33,9,7,1,3,6,5,4,0,0,78,179.66,F03,33,0,72,19,43.76,2,5,17144.0,3.5520743203242406,2.3033333333333332,63.0,82.86,0.014763779527559055,0.0,1.0,12228.0,2025-06,0.015151515151515152,0.0030303030303030303,0.0030303030303030303,0.15151515151515152,0.04696969696969697,0.0030303030303030303,0.03712121212121212,bajo
2025-06,M20,P09,25,250,13.16,0.77,1.38,234.69,21223,20320,300,20020,0.014763779527559055,46,8,133,26,10,35,21,0,21,D03,C05,2,0,33,10,6,2,1,6,2,1,0,0,63,82.86,F03,33,0,56,5,6.58,1,6,12228.0,3.1003937007874014,1.3152380952380953,75.0,146.03,0.01737029269627063,0.0,2.0,16230.0,2025-07,0.10151515151515152,0.02727272727272727,0.01818181818181818,0.15151515151515152,0.30303030303030304,0.09393939393939393,0.11590909090909092,bajo
2025-07,M20,P09,27,270,13.17,1.0,2.43,253.4,23000,21934,381,21553,0.01737029269627063,74,6,101,58,0,29,31,0,82,D03,C01,5,4,30,9,4,5,2,7,6,3,0,0,75,146.03,F03,30,0,71,18,35.05,2,7,16230.0,3.4193489559587857,1.9470666666666667,76.0,176.36,0.02269604359156598,0.0,1.0,17426.0,2025-08,0.11666666666666667,0.10606060606060606,0.1484848484848485,0.15151515151515152,0.04696969696969697,0.19090909090909092,0.12676767676767678,bajo
2025-08,M20,P09,26,260,13.16,0.63,2.94,243.26,22134,21105,479,20626,0.02269604359156598,89,37,161,42,16,68,0,0,66,D03,C05,6,0,31,10,10,3,1,8,1,6,0,0,76,176.36,F03,31,0,65,13,30.17,1,8,17426.0,3.601042407012556,2.3205263157894738,62.0,142.95,0.019864409993836818,0.0,2.0,14530.0,2025-09,0.010606060606060607,0.021212121212121213,0.05757575757575758,0.15151515151515152,0.30303030303030304,0.02727272727272727,0.09520202020202019,bajo
2025-09,M20,P09,26,260,13.16,0.63,2.38,243.82,22134,21093,419,20674,0.019864409993836818,55,52,106,40,22,59,24,0,61,D03,C10,5,1,26,6,8,1,1,6,4,4,0,0,62,142.95,F03,26,0,66,14,32.28,2,9,14530.0,2.9393637699710804,2.3056451612903226,77.0,222.43,0.018933823529411763,0.0,2.0,17332.0,2025-10,0.13484848484848486,0.2909090909090909,0.03939393939393939,0.15151515151515152,0.30303030303030304,0.18181818181818182,0.1835858585858586,bajo
2025-10,M20,P09,27,270,14.17,0.77,3.71,251.36,22930,21760,412,21348,0.018933823529411763,100,62,141,21,28,10,0,0,50,D03,C01,5,3,30,7,8,3,6,8,0,7,0,0,77,222.43,F03,30,0,70,15,43.33,2,10,17332.0,3.5386029411764706,2.888701298701299,82.0,189.17,0.02225731629077629,0.0,2.0,18786.0,2025-11,0.24848484848484848,0.1696969696969697,0.1303030303030303,0.15151515151515152,0.30303030303030304,0.3181818181818182,0.2202020202020202,bajo
2025-11,M20,P09,25,250,12.15,0.67,3.15,234.03,21323,20263,451,19812,0.02225731629077629,82,34,135,70,52,19,19,0,40,D03,C10,5,2,33,10,10,3,1,8,4,6,0,0,82,189.17,F03,33,0,66,17,39.22,2,11,18786.0,4.046784780141143,2.306951219512195,87.0,628.55,0.0259126158501986,1.0,2.0,19116.0,2025-12,0.36818181818181817,0.9575757575757575,0.3181818181818182,0.3878787878787879,0.30303030303030304,0.3393939393939394,0.4457070707070707,medio
2025-01,M21,P09,27,270,14.17,1.0,3.74,251.09,22909,21620,640,20980,0.02960222016651249,104,75,182,38,54,51,6,0,130,D03,C10,5,3,36,10,13,4,4,6,3,7,0,0,91,224.37,F03,36,0,73,18,44.38,2,1,20918.0,4.2090656799259945,2.465604395604396,77.0,196.7,0.03144131991283595,0.0,2.0,16382.0,2025-02,0.13484848484848486,0.18787878787878787,0.5787878787878787,0.15151515151515152,0.30303030303030304,0.10303030303030303,0.24318181818181817,bajo
2025-02,M21,P09,24,240,12.15,0.87,3.28,223.7,20406,19274,606,18668,0.03144131991283595,63,108,117,86,42,89,17,0,84,D03,C10,4,1,39,5,5,4,1,8,3,7,0,0,77,196.7,F03,39,0,63,15,38.32,2,2,16382.0,3.995019196845491,2.5545454545454542,105.0,221.29,0.02902084528590553,0.0,3.0,23658.0,2025-03,0.7424242424242424,0.2818181818181818,0.47878787878787876,0.15151515151515152,0.6439393939393939,0.7424242424242424,0.5068181818181818,medio
2025-03,M21,P09,26,260,13.16,0.63,3.69,242.52,22134,20916,607,20309,0.02902084528590553,90,42,176,79,8,63,43,0,106,D03,C05,7,6,41,11,13,4,2,13,4,4,0,0,105,221.29,F03,41,0,73,21,44.26,3,3,23658.0,5.020080321285141,2.1075238095238094,90.0,169.27,0.03264916467780429,0.0,2.0,19880.0,2025-04,0.4590909090909091,0.07575757575757576,0.6333333333333333,0.15151515151515152,0.30303030303030304,0.4257575757575758,0.34141414141414145,bajo
2025-04,M21,P09,26,260,13.16,0.9,2.82,243.12,22110,20950,684,20266,0.03264916467780429,141,65,166,51,33,139,0,0,89,D03,C10,10,1,40,11,11,4,3,6,0,4,0,0,90,169.27,F03,40,0,67,15,28.21,2,4,19880.0,4.2959427207637235,1.8807777777777779,97.0,198.87,0.02903611136635119,0.0,3.0,21782.0,2025-05,0.6181818181818182,0.2,0.4818181818181818,0.15151515151515152,0.6439393939393939,0.6363636363636364,0.45530303030303027,medio
2025-05,M21,P09,27,270,13.17,0.87,3.31,252.65,23012,21766,632,21134,0.02903611136635119,104,60,167,102,14,56,11,0,118,D03,C01,7,3,37,14,10,4,1,12,4,5,0,0,97,198.87,F03,37,0,72,19,38.95,3,5,21782.0,4.45649177616466,2.0502061855670104,83.0,133.16,0.02426919450096779,0.0,1.0,16876.0,2025-06,0.2727272727272727,0.015151515151515152,0.21515151515151515,0.15151515151515152,0.04696969696969697,0.1393939393939394,0.14015151515151514,bajo
2025-06,M21,P09,25,250,13.16,0.83,2.22,233.79,21217,20149,489,19660,0.02426919450096779,84,23,159,77,11,86,9,0,40,D03,C05,5,1,38,13,7,5,2,8,2,2,0,0,83,133.16,F03,38,0,61,10,16.04,1,6,16876.0,4.119311132066108,1.6043373493975903,102.0,222.27,0.026874050895034744,0.0,2.0,22326.0,2025-07,0.7136363636363636,0.2878787878787879,0.3515151515151515,0.15151515151515152,0.30303030303030304,0.6878787878787879,0.41590909090909095,medio
2025-07,M21,P09,27,270,13.17,0.7,3.7,252.43,23027,21731,584,21147,0.026874050895034744,118,27,181,76,33,41,11,0,97,D03,C10,8,3,42,14,10,2,4,12,1,6,0,0,102,222.27,F03,42,0,71,18,39.22,2,7,22326.0,4.69375546454374,2.1791176470588236,91.0,171.71,0.03444980648860433,0.0,3.0,20112.0,2025-08,0.47878787878787876,0.08787878787878788,0.7090909090909091,0.15151515151515152,0.6439393939393939,0.46060606060606063,0.42196969696969694,medio
2025-08,M21,P09,26,260,13.16,0.9,2.86,243.08,22110,20929,721,20208,0.03444980648860433,183,64,134,134,0,77,54,0,75,D01,C01,10,3,42,8,7,3,2,7,5,4,0,0,91,171.71,F03,42,0,74,22,41.51,3,8,20112.0,4.348033828658799,1.886923076923077,82.0,177.35,0.018148820326678767,0.0,2.0,16456.0,2025-09,0.24848484848484848,0.10909090909090909,0.02727272727272727,0.15151515151515152,0.30303030303030304,0.11212121212121212,0.15858585858585858,bajo
2025-09,M21,P09,26,260,13.16,0.63,2.96,243.25,22134,20938,380,20558,0.018148820326678767,37,28,151,38,10,44,0,0,72,D03,C03,3,4,40,10,8,3,5,4,2,3,0,0,82,177.35,F03,40,0,64,12,25.95,2,9,16456.0,3.9163243862833124,2.1628048780487803,95.0,313.58,0.03320810723064793,0.0,3.0,20558.0,2025-10,0.5666666666666667,0.5969696969696969,0.6636363636363637,0.15151515151515152,0.6439393939393939,0.5060606060606061,0.5214646464646465,medio
2025-10,M21,P09,27,270,14.17,0.8,5.23,249.8,22927,21561,716,20845,0.03320810723064793,45,105,154,89,70,93,11,0,149,D03,C10,3,4,45,7,8,2,4,9,2,11,0,0,95,313.58,F03,45,0,75,20,66.02,3,10,20558.0,4.406103613004962,3.3008421052631576,97.0,238.74,0.03895265066825657,0.0,3.0,22902.0,2025-11,0.6181818181818182,0.3515151515151515,0.8121212121212121,0.15151515151515152,0.6439393939393939,0.7121212121212122,0.5482323232323232,medio
2025-11,M21,P09,25,250,12.15,0.9,3.98,232.97,21302,20127,784,19343,0.03895265066825657,118,69,179,109,39,103,51,0,116,D03,C10,8,4,33,13,12,6,2,8,4,7,0,0,97,238.74,F03,33,0,72,23,56.61,3,11,22902.0,4.8193968301286825,2.461237113402062,95.0,206.06,0.028686252771618626,0.0,2.0,19956.0,2025-12,0.5666666666666667,0.23333333333333334,0.4575757575757576,0.15151515151515152,0.30303030303030304,0.44242424242424244,0.3590909090909091,bajo
2025-01,M22,P09,27,270,14.17,1.13,2.24,252.45,22897,21813,592,21221,0.02713977903085316,138,20,137,111,26,59,30,0,71,D01,C01,8,2,35,10,7,3,0,8,4,2,0,0,79,134.55,F03,35,0,71,16,27.25,2,1,17260.0,3.6216934855361482,1.7031645569620255,77.0,184.12,0.030455275288755374,0.0,2.0,17244.0,2025-02,0.13484848484848486,0.1393939393939394,0.5424242424242425,0.15151515151515152,0.30303030303030304,0.16515151515151516,0.2393939393939394,bajo
2025-02,M22,P09,24,240,12.15,0.73,3.07,224.05,20418,19307,588,18719,0.030455275288755374,81,83,145,75,25,104,0,0,75,D03,C10,5,4,29,9,8,2,3,11,1,5,0,0,77,184.12,F03,29,0,63,15,35.87,2,2,17244.0,3.988190811622727,2.391168831168831,79.0,127.4,0.017679768071859704,0.0,1.0,15890.0,2025-03,0.17424242424242425,0.012121212121212121,0.024242424242424242,0.15151515151515152,0.04696969696969697,0.08181818181818182,0.0818181818181818,bajo
2025-03,M22,P09,26,260,13.16,0.77,2.12,243.95,22122,21041,372,20669,0.017679768071859704,107,0,120,36,20,38,0,0,51,D03,C01,6,5,37,10,6,2,1,11,0,1,0,0,79,127.4,F03,37,0,64,12,19.35,1,3,15890.0,3.7545744023573024,1.6126582278481014,88.0,186.75,0.02863299018434283,0.0,3.0,21418.0,2025-04,0.3984848484848485,0.1484848484848485,0.45454545454545453,0.15151515151515152,0.6439393939393939,0.603030303030303,0.39999999999999997,medio
2025-04,M22,P09,26,260,13.16,1.0,3.11,242.72,22101,20885,598,20287,0.02863299018434283,183,33,105,77,15,35,20,0,130,D01,C01,10,2,28,8,11,8,5,7,4,5,0,0,88,186.75,F03,28,0,73,21,44.57,3,4,21418.0,4.2135503950203494,2.122159090909091,97.0,196.79,0.027186329160193732,0.0,2.0,21332.0,2025-05,0.6181818181818182,0.19090909090909092,0.37575757575757573,0.15151515151515152,0.30303030303030304,0.6,0.3732323232323232,medio
2025-05,M22,P09,27,270,13.17,0.83,3.28,252.72,23015,21886,595,21291,0.027186329160193732,75,60,151,63,34,82,16,0,114,D03,C10,5,3,42,6,12,5,4,14,1,5,0,0,97,196.79,F03,42,0,67,14,28.4,2,5,21332.0,4.432057022754272,2.028762886597938,79.0,183.23,0.023106229281084557,0.0,2.0,15752.0,2025-06,0.17424242424242425,0.13333333333333333,0.15757575757575756,0.15151515151515152,0.30303030303030304,0.0696969696969697,0.1648989898989899,bajo
2025-06,M22,P09,25,250,13.16,0.6,3.05,233.19,21238,20211,467,19744,0.023106229281084557,92,54,87,59,14,53,20,0,88,D01,C10,4,6,36,9,3,3,5,7,3,3,0,0,79,183.23,F03,36,0,67,16,37.11,2,6,15752.0,3.908762555044283,2.3193670886075948,88.0,173.74,0.024295209718083886,0.0,1.0,18042.0,2025-07,0.3984848484848485,0.1,0.21818181818181817,0.15151515151515152,0.04696969696969697,0.23939393939393938,0.19242424242424241,bajo
2025-07,M22,P09,27,270,13.17,0.9,2.9,253.04,23009,21815,530,21285,0.024295209718083886,86,30,174,26,25,146,8,0,35,D03,C12,5,2,42,12,10,1,8,4,1,3,0,0,88,173.74,F03,42,0,64,11,21.72,1,7,18042.0,4.033921613568646,1.9743181818181819,92.0,204.03,0.02916906543849549,0.0,2.0,20158.0,2025-08,0.5,0.22121212121212122,0.48484848484848486,0.15151515151515152,0.30303030303030304,0.4727272727272727,0.35555555555555557,bajo
2025-08,M22,P09,26,260,13.16,1.2,3.4,242.24,22083,20844,608,20236,0.02916906543849549,89,58,159,58,45,98,22,0,79,D03,C10,5,2,38,14,9,3,2,9,4,6,0,0,92,204.03,F03,38,0,69,17,37.7,2,8,20158.0,4.413740165035502,2.217717391304348,84.0,167.38,0.024549217374756172,0.0,2.0,18328.0,2025-09,0.29848484848484846,0.06666666666666667,0.23939393939393938,0.15151515151515152,0.30303030303030304,0.2696969696969697,0.22146464646464648,bajo
2025-09,M22,P09,26,260,13.16,0.7,2.79,243.35,22128,21019,516,20503,0.024549217374756172,78,52,159,65,33,48,8,0,73,D03,C10,6,2,34,11,7,3,3,11,3,4,0,0,84,167.38,F03,34,0,67,15,29.89,2,9,18328.0,3.9963842237975165,1.9926190476190475,83.0,150.93,0.0283135566042058,0.0,2.0,18226.0,2025-10,0.2727272727272727,0.045454545454545456,0.44242424242424244,0.15151515151515152,0.30303030303030304,0.2606060606060606,0.24595959595959593,bajo
2025-10,M22,P09,27,270,14.17,1.07,2.52,252.25,22903,21827,618,21209,0.0283135566042058,77,36,140,119,22,92,32,0,100,D03,C09,5,4,33,11,10,2,4,8,4,2,0,0,83,150.93,F03,33,0,70,15,27.28,2,10,18226.0,3.802629770467769,1.818433734939759,78.0,218.3,0.025335911547424265,0.0,2.0,17548.0,2025-11,0.15606060606060607,0.2727272727272727,0.28484848484848485,0.15151515151515152,0.30303030303030304,0.20606060606060606,0.22904040404040404,bajo
2025-11,M22,P09,25,250,12.15,0.83,3.64,233.37,21308,20169,511,19658,0.025335911547424265,76,58,154,58,34,41,0,0,90,D03,C10,5,2,31,10,8,3,4,6,2,7,0,0,78,218.3,F03,31,0,65,16,44.78,2,11,17548.0,3.8673211363974414,2.798717948717949,81.0,220.41,0.02243974512882076,0.0,2.0,17470.0,2025-12,0.21818181818181817,0.27575757575757576,0.1393939393939394,0.15151515151515152,0.30303030303030304,0.2,0.21464646464646464,bajo
2025-01,M23,P04,27,270,14.17,0.67,4.84,250.33,28687,26911,870,26041,0.032328787484671696,163,59,154,116,74,100,36,0,168,D09,C10,9,3,52,17,5,4,3,13,5,9,0,0,120,290.23,F03,52,0,81,26,62.88,4,1,25600.0,4.459143101334027,2.4185833333333333,100.0,182.57,0.023213321705909222,0.0,2.0,20044.0,2025-02,0.6787878787878788,0.12727272727272726,0.16666666666666666,0.15151515151515152,0.30303030303030304,0.45454545454545453,0.31363636363636366,bajo
2025-02,M23,P04,24,240,12.15,0.6,3.04,224.21,25548,24081,559,23522,0.023213321705909222,138,24,172,30,37,50,0,0,108,D03,C01,7,2,48,13,6,4,6,9,1,4,0,0,100,182.57,F03,48,0,62,14,25.56,2,2,20044.0,4.152651467962294,1.8256999999999999,110.0,202.4,0.03184688995215311,0.0,3.0,23588.0,2025-03,0.7984848484848485,0.20909090909090908,0.593939393939394,0.15151515151515152,0.6439393939393939,0.7393939393939394,0.5227272727272727,medio
2025-03,M23,P04,26,260,13.16,0.67,3.37,242.8,27675,26125,832,25293,0.03184688995215311,121,67,186,106,41,93,60,0,158,D03,C10,8,0,48,12,10,9,5,10,4,4,0,0,110,202.4,F03,48,0,68,16,29.44,3,3,23588.0,4.2105263157894735,1.84,111.0,513.06,0.02624066325133941,1.0,3.0,24722.0,2025-04,0.8136363636363636,0.9454545454545454,0.3393939393939394,0.3878787878787879,0.6439393939393939,0.796969696969697,0.6545454545454545,alto
2025-04,M23,P04,26,260,13.16,0.6,8.55,237.69,27684,25571,671,24900,0.02624066325133941,94,87,191,130,42,20,39,0,68,D03,C05,7,1,48,13,12,4,5,8,4,8,0,1,111,513.06,F03,48,1,73,21,97.06,3,4,24722.0,4.340854874662704,4.622162162162161,126.0,719.23,0.03860974400061043,1.0,6.0,28030.0,2025-05,0.9333333333333333,0.9666666666666667,0.806060606060606,0.3878787878787879,0.9863636363636363,0.9212121212121213,0.8335858585858585,alto
2025-05,M23,P04,27,270,13.17,0.5,11.99,244.35,28820,26211,1012,25199,0.03860974400061043,176,103,210,201,33,53,87,0,149,D03,C09,11,5,54,12,7,6,3,10,10,7,0,1,126,719.23,F03,54,1,87,34,194.08,6,5,28030.0,4.807142039601694,5.708174603174603,92.0,173.22,0.024329059488731385,0.0,2.0,20978.0,2025-06,0.5,0.09696969696969697,0.22424242424242424,0.15151515151515152,0.30303030303030304,0.553030303030303,0.3047979797979798,bajo
2025-06,M23,P04,25,250,13.16,0.57,2.89,233.39,26565,25114,611,24503,0.024329059488731385,90,59,204,110,19,69,9,0,51,D03,C05,5,2,35,14,16,1,5,8,2,4,0,0,92,173.22,F03,35,0,64,13,24.48,2,6,20978.0,3.66329537309867,1.8828260869565216,122.0,301.6,0.027057079318013343,0.0,3.0,25870.0,2025-07,0.8954545454545455,0.5484848484848485,0.3606060606060606,0.15151515151515152,0.6439393939393939,0.8606060606060606,0.5767676767676768,medio
2025-07,M23,P04,27,270,13.17,0.63,5.03,251.17,28803,26980,730,26250,0.027057079318013343,32,142,191,43,51,62,30,0,179,D03,C10,2,2,53,14,12,6,8,12,4,9,0,0,122,301.6,F03,53,0,70,17,42.03,3,7,25870.0,4.52186805040771,2.472131147540984,101.0,170.55,0.024496503229258226,0.0,2.0,22008.0,2025-08,0.696969696969697,0.08484848484848485,0.23333333333333334,0.15151515151515152,0.30303030303030304,0.6606060606060606,0.35505050505050506,bajo
2025-08,M23,P04,26,260,13.16,0.63,2.84,243.36,27681,26167,641,25526,0.024496503229258226,135,38,227,63,21,66,0,0,91,D03,C05,8,1,48,11,15,5,0,9,0,4,0,0,101,170.55,F03,48,0,65,13,21.95,2,8,22008.0,3.8598234417395956,1.6886138613861388,134.0,338.63,0.035090431287679705,0.0,4.0,29384.0,2025-09,0.9757575757575757,0.6909090909090909,0.7242424242424242,0.15151515151515152,0.8393939393939394,0.9575757575757575,0.7232323232323231,alto
2025-09,M23,P04,26,260,13.16,0.53,5.64,240.66,27691,25876,908,24968,0.035090431287679705,83,107,194,81,68,107,48,0,220,D09,C10,6,6,53,15,11,7,6,15,4,11,0,0,134,338.63,F03,53,0,79,27,68.23,4,9,29384.0,5.17854382439326,2.527089552238806,119.0,1039.48,0.025846876835715685,2.0,5.0,27186.0,2025-10,0.8787878787878788,0.996969696969697,0.31212121212121213,0.5621212121212121,0.9378787878787879,0.8878787878787879,0.7626262626262627,alto
2025-10,M23,P04,27,270,14.17,0.53,17.32,237.97,28704,25535,660,24875,0.025846876835715685,171,86,173,65,63,33,12,0,57,D01,C01,9,4,44,16,10,2,5,14,4,9,0,2,119,1039.48,F03,44,2,83,28,244.58,5,10,27186.0,4.660270217348737,8.735126050420169,116.0,324.28,0.03341240802541112,0.0,3.0,25470.0,2025-11,0.8454545454545455,0.6393939393939394,0.6696969696969697,0.15151515151515152,0.6439393939393939,0.8363636363636363,0.631060606060606,medio
2025-11,M23,P04,25,250,12.15,0.63,5.4,231.81,26668,24871,831,24040,0.03341240802541112,66,74,181,89,74,84,30,0,233,D09,C10,4,0,46,15,9,9,8,8,6,11,0,0,116,324.28,F03,46,0,70,21,58.71,3,11,25470.0,4.664066583571228,2.79551724137931,101.0,336.82,0.025455629682084157,1.0,4.0,22614.0,2025-12,0.696969696969697,0.6848484848484848,0.3,0.3878787878787879,0.8393939393939394,0.7,0.6015151515151516,medio
2025-01,M24,P04,27,270,14.17,0.87,3.92,251.05,28663,27137,606,26531,0.02233113461325865,97,75,105,105,35,29,24,0,136,D09,C10,7,4,38,5,9,4,4,7,3,7,0,0,88,234.91,F03,38,0,76,21,56.06,2,1,20008.0,3.2428050263477908,2.669431818181818,70.0,155.67,0.016599556249486398,0.0,1.0,15194.0,2025-02,0.04393939393939394,0.051515151515151514,0.00909090909090909,0.15151515151515152,0.04696969696969697,0.04242424242424243,0.057575757575757586,bajo
2025-02,M24,P04,24,240,12.15,0.6,2.59,224.66,25549,24338,404,23934,0.016599556249486398,40,34,108,74,17,7,59,0,65,D03,C09,2,1,33,6,7,1,4,6,6,4,0,0,70,155.67,F03,33,0,61,13,28.91,1,2,15194.0,2.8761607362971486,2.2238571428571428,81.0,151.5,0.017118348136339483,0.0,1.0,16410.0,2025-03,0.21818181818181817,0.048484848484848485,0.015151515151515152,0.15151515151515152,0.04696969696969697,0.10757575757575757,0.09797979797979799,bajo
2025-03,M24,P04,26,260,13.16,0.73,2.52,243.58,27668,26346,451,25895,0.017118348136339483,64,38,126,44,13,20,41,0,105,D03,C01,5,3,35,12,5,4,7,5,3,2,0,0,81,151.5,F03,35,0,65,13,24.31,1,3,16410.0,3.0744705078569803,1.8703703703703705,76.0,197.42,0.019156796282895988,0.0,2.0,17554.0,2025-04,0.11666666666666667,0.19696969696969696,0.045454545454545456,0.15151515151515152,0.30303030303030304,0.20909090909090908,0.17045454545454544,bajo
2025-04,M24,P04,26,260,13.16,0.67,3.29,242.88,27676,26257,503,25754,0.019156796282895988,68,73,87,68,35,54,38,0,80,D03,C10,6,3,29,10,8,2,3,5,4,6,0,0,76,197.42,F03,29,0,71,19,49.35,2,4,17554.0,2.894466237574742,2.597631578947368,89.0,145.64,0.016823859291358653,0.0,1.0,19164.0,2025-05,0.4318181818181818,0.024242424242424242,0.012121212121212121,0.15151515151515152,0.04696969696969697,0.3484848484848485,0.1691919191919192,bajo
2025-05,M24,P04,27,270,13.17,0.63,2.43,253.77,28803,27461,462,26999,0.016823859291358653,66,15,162,96,2,53,14,0,54,D03,C05,5,2,42,8,11,2,2,11,4,2,0,0,89,145.64,F03,42,0,66,13,21.27,1,5,19164.0,3.2409599067768835,1.6364044943820224,73.0,183.06,0.020083980351766756,0.0,2.0,16292.0,2025-06,0.07727272727272727,0.1303030303030303,0.06363636363636363,0.15151515151515152,0.30303030303030304,0.1,0.13762626262626262,bajo
2025-06,M24,P04,25,250,13.16,0.6,3.05,233.19,26561,25244,507,24737,0.020083980351766756,127,63,124,58,20,25,19,0,71,D01,C01,7,4,30,8,7,3,3,5,1,5,0,0,73,183.06,F03,30,0,68,17,42.63,2,6,16292.0,2.8917762636666136,2.5076712328767123,88.0,229.02,0.02189113006552696,0.0,2.0,18720.0,2025-07,0.3984848484848485,0.3,0.12121212121212122,0.15151515151515152,0.30303030303030304,0.3090909090909091,0.2638888888888889,bajo
2025-07,M24,P04,27,270,13.17,0.53,3.82,252.48,28815,27317,598,26719,0.02189113006552696,53,57,149,59,35,116,11,0,118,D03,C10,3,3,39,11,8,3,5,6,3,7,0,0,88,229.02,F03,39,0,69,16,41.64,2,7,18720.0,3.2214372002782152,2.6025,87.0,149.05,0.019891432259044148,0.0,2.0,19412.0,2025-08,0.36818181818181817,0.03939393939393939,0.06060606060606061,0.15151515151515152,0.30303030303030304,0.38484848484848483,0.2179292929292929,bajo
2025-08,M24,P04,26,260,13.16,0.73,2.48,243.62,27667,26343,524,25819,0.019891432259044148,65,42,175,111,20,53,25,0,33,D03,C05,4,4,33,15,12,3,0,8,5,3,0,0,87,149.05,F03,33,0,68,16,27.41,2,8,19412.0,3.3025851269787037,1.713218390804598,61.0,122.1,0.015882040785383973,0.0,1.0,13074.0,2025-09,0.004545454545454545,0.00909090909090909,0.006060606060606061,0.15151515151515152,0.04696969696969697,0.00909090909090909,0.03787878787878788,bajo
2025-09,M24,P04,26,260,13.16,0.63,2.03,244.17,27679,26382,419,25963,0.015882040785383973,50,29,93,74,25,81,11,0,56,D03,C10,4,2,27,8,5,5,1,2,4,3,0,0,61,122.1,F03,27,0,65,13,26.02,1,9,13074.0,2.3121825487074523,2.001639344262295,72.0,186.56,0.017453158801745316,0.0,2.0,16862.0,2025-10,0.06818181818181818,0.14545454545454545,0.021212121212121213,0.15151515151515152,0.30303030303030304,0.13636363636363635,0.13762626262626262,bajo
2025-10,M24,P04,27,270,14.17,0.67,3.11,252.05,28687,27273,476,26797,0.017453158801745316,85,43,114,53,61,36,8,0,76,D03,C10,4,4,30,5,12,1,4,4,2,6,0,0,72,186.56,F03,30,0,71,16,41.46,2,10,16862.0,2.639973600263997,2.591111111111111,81.0,172.61,0.021050560692504428,0.0,2.0,17928.0,2025-11,0.21818181818181817,0.09090909090909091,0.1,0.15151515151515152,0.30303030303030304,0.22727272727272727,0.1818181818181818,bajo
2025-11,M24,P04,25,250,12.15,0.37,2.88,234.6,26700,25415,535,24880,0.021050560692504428,131,36,97,88,26,49,47,0,61,D01,C01,8,2,37,6,6,2,5,6,5,4,0,0,81,172.61,F03,37,0,68,19,40.49,2,11,17928.0,3.187094235687586,2.130987654320988,82.0,231.2,0.019209538529476707,0.0,2.0,17068.0,2025-12,0.24848484848484848,0.31212121212121213,0.048484848484848485,0.15151515151515152,0.30303030303030304,0.15151515151515152,0.20252525252525252,bajo
2025-01,M25,P04,27,270,14.17,0.7,4.7,250.43,28683,27073,819,26254,0.03025154212684224,108,82,152,111,63,163,14,0,126,D06,C10,8,3,39,9,10,6,3,9,4,9,0,0,100,281.81,F03,39,0,79,24,67.63,3,1,23238.0,3.693716987404425,2.8181,96.0,230.49,0.025988560059686645,0.0,3.0,21450.0,2025-02,0.5924242424242424,0.30606060606060603,0.32727272727272727,0.15151515151515152,0.6439393939393939,0.6121212121212121,0.43888888888888883,medio
2025-02,M25,P04,24,240,12.15,0.53,3.84,223.48,25556,24126,627,23499,0.025988560059686645,126,74,133,96,25,89,11,0,73,D03,C01,7,7,38,8,9,2,4,13,3,5,0,0,96,230.49,F03,38,0,70,22,52.82,3,2,21450.0,3.9791096742103957,2.4009375,94.0,184.81,0.026378896882494004,0.0,2.0,21286.0,2025-03,0.5424242424242425,0.14242424242424243,0.34545454545454546,0.15151515151515152,0.30303030303030304,0.5909090909090909,0.34595959595959597,bajo
2025-03,M25,P04,26,260,13.16,0.6,3.08,243.16,27685,26271,693,25578,0.026378896882494004,84,92,220,83,31,107,0,0,76,D03,C05,8,3,40,10,13,4,2,7,2,5,0,0,94,184.81,F03,40,0,70,18,35.39,2,3,21286.0,3.5780899090251608,1.9660638297872342,97.0,243.59,0.025449273150444505,0.0,2.0,21170.0,2025-04,0.6181818181818182,0.36666666666666664,0.296969696969697,0.15151515151515152,0.30303030303030304,0.5787878787878787,0.38585858585858585,medio
2025-04,M25,P04,26,260,13.16,0.43,4.06,242.34,27703,26209,667,25542,0.025449273150444505,84,58,206,75,53,70,28,0,93,D03,C10,4,2,43,10,10,5,3,9,3,8,0,0,97,243.59,F03,43,0,69,17,42.69,2,4,21170.0,3.701018734022664,2.511237113402062,99.0,214.17,0.021719988259465806,0.0,2.0,22342.0,2025-05,0.6636363636363637,0.25757575757575757,0.11515151515151516,0.15151515151515152,0.30303030303030304,0.6909090909090909,0.3636363636363636,medio
2025-05,M25,P04,27,270,13.17,0.57,3.57,252.7,28812,27256,592,26664,0.021719988259465806,123,60,159,65,15,62,8,0,100,D03,C05,5,3,38,12,13,2,6,11,4,5,0,0,99,214.17,F03,38,0,70,17,36.78,2,5,22342.0,3.6322277663633695,2.163333333333333,82.0,212.69,0.020532410170705503,0.0,2.0,17334.0,2025-06,0.24848484848484848,0.2545454545454545,0.07272727272727272,0.15151515151515152,0.30303030303030304,0.18484848484848485,0.20252525252525252,bajo
2025-06,M25,P04,25,250,13.16,0.43,3.54,232.86,26580,25131,516,24615,0.020532410170705503,73,55,141,71,31,60,0,0,85,D03,C10,5,5,34,10,5,2,8,5,3,5,0,0,82,212.69,F03,34,0,69,18,46.69,2,6,17334.0,3.262902391468704,2.593780487804878,95.0,187.09,0.020857814336075205,0.0,3.0,20946.0,2025-07,0.5666666666666667,0.15151515151515152,0.09696969696969697,0.15151515151515152,0.6439393939393939,0.5484848484848485,0.3598484848484848,bajo
2025-07,M25,P04,27,270,13.17,0.7,3.12,253.02,28797,27232,568,26664,0.020857814336075205,98,52,188,79,11,61,17,0,62,D03,C05,8,4,45,8,11,3,1,7,3,5,0,0,95,187.09,F03,45,0,73,20,39.39,3,7,20946.0,3.4885428907168037,1.9693684210526317,98.0,245.09,0.030822179732313576,0.0,3.0,23188.0,2025-08,0.6454545454545455,0.37272727272727274,0.5575757575757576,0.15151515151515152,0.6439393939393939,0.7242424242424242,0.515909090909091,medio
2025-08,M25,P04,26,260,13.16,0.57,4.08,242.19,27687,26150,806,25344,0.030822179732313576,125,65,160,136,24,85,86,0,125,D03,C10,8,4,39,6,10,2,3,12,6,8,0,0,98,245.09,F03,39,0,78,26,65.02,3,8,23188.0,3.7476099426386233,2.5009183673469386,107.0,363.76,0.024560726008882025,1.0,2.0,23774.0,2025-09,0.7651515151515151,0.7454545454545455,0.24242424242424243,0.3878787878787879,0.30303030303030304,0.7515151515151515,0.5325757575757576,medio
2025-09,M25,P04,26,260,13.16,0.43,6.06,240.34,27703,25895,636,25259,0.024560726008882025,116,12,230,96,4,72,36,0,70,D03,C05,7,5,41,13,16,6,6,8,3,1,0,1,107,363.76,F03,41,1,69,17,57.79,2,9,23774.0,4.1320718285383276,3.399626168224299,111.0,256.52,0.02943460414894797,0.0,3.0,25416.0,2025-10,0.8136363636363636,0.40606060606060607,0.5,0.15151515151515152,0.6439393939393939,0.8333333333333334,0.5580808080808081,medio
2025-10,M25,P04,27,270,14.17,0.63,4.28,250.92,28691,27043,796,26247,0.02943460414894797,211,64,160,109,31,56,14,0,151,D01,C01,13,4,44,11,10,3,5,12,2,7,0,0,111,256.52,F03,44,0,81,26,60.09,3,10,25416.0,4.10457419664978,2.310990990990991,95.0,732.0,0.023366222185526152,1.0,2.0,20886.0,2025-11,0.5666666666666667,0.9757575757575757,0.18181818181818182,0.3878787878787879,0.30303030303030304,0.5363636363636364,0.49191919191919203,medio
2025-11,M25,P04,25,250,12.15,0.37,12.2,225.28,26700,24223,566,23657,0.023366222185526152,116,41,128,72,36,50,14,0,109,D03,C01,7,2,38,13,9,3,7,7,4,4,0,1,95,732.0,F03,38,1,67,18,138.69,2,11,20886.0,3.92189241629856,7.705263157894737,80.0,182.56,0.021261725216111825,0.0,2.0,16666.0,2025-12,0.19242424242424241,0.12424242424242424,0.10606060606060606,0.15151515151515152,0.30303030303030304,0.12424242424242424,0.1669191919191919,bajo
2025-01,M26,P06,27,270,14.17,0.87,3.1,251.87,22921,21810,577,21233,0.026455754241173773,80,51,168,67,26,99,16,0,70,D03,C05,5,0,37,11,10,2,0,9,1,6,0,0,81,185.84,F03,37,0,67,12,27.53,1,1,17790.0,3.7138927097661623,2.294320987654321,78.0,427.45,0.025330396475770924,1.0,2.0,17292.0,2025-02,0.15606060606060607,0.8787878787878788,0.2818181818181818,0.3878787878787879,0.30303030303030304,0.17272727272727273,0.3633838383838384,medio
2025-02,M26,P06,24,240,12.15,0.53,7.12,220.19,20436,19068,483,18585,0.025330396475770924,90,21,122,94,4,61,0,0,91,D03,C01,6,0,30,13,7,4,3,7,3,4,0,1,78,427.45,F03,30,1,62,14,76.72,2,2,17292.0,4.09062303335431,5.480128205128205,79.0,415.28,0.02426470588235294,1.0,1.0,17244.0,2025-03,0.17424242424242425,0.8636363636363636,0.21212121212121213,0.3878787878787879,0.04696969696969697,0.16515151515151516,0.30833333333333335,bajo
2025-03,M26,P06,26,260,13.16,0.83,6.92,239.08,21739,20400,495,19905,0.02426470588235294,106,42,158,61,26,14,14,0,74,D03,C05,6,0,37,10,10,4,0,6,1,4,0,1,79,415.28,F03,37,1,64,12,63.08,1,3,17244.0,3.872549019607843,5.256708860759494,85.0,246.6,0.02529220157118222,0.0,2.0,18196.0,2025-04,0.32575757575757575,0.37575757575757573,0.2787878787878788,0.15151515151515152,0.30303030303030304,0.2515151515151515,0.28106060606060607,bajo
2025-04,M26,P06,26,260,13.16,0.9,4.11,241.83,22110,20876,528,20348,0.02529220157118222,90,67,154,20,33,32,6,0,126,D03,C10,5,4,39,10,7,2,3,6,1,8,0,0,85,246.6,F03,39,0,70,18,52.22,2,4,18196.0,4.071661237785016,2.901176470588235,80.0,195.74,0.025860490662760895,0.0,2.0,18520.0,2025-05,0.19242424242424241,0.18181818181818182,0.3151515151515151,0.15151515151515152,0.30303030303030304,0.29393939393939394,0.23964646464646466,bajo
2025-05,M26,P06,27,270,13.17,0.57,3.26,253.0,23039,21848,565,21283,0.025860490662760895,105,9,157,40,42,94,30,0,88,D03,C10,8,1,33,11,9,2,2,4,4,6,0,0,80,195.74,F03,33,0,72,19,46.49,2,5,18520.0,3.6616623947272062,2.44675,93.0,203.41,0.03389241762604208,0.0,3.0,21760.0,2025-06,0.5242424242424243,0.21515151515151515,0.693939393939394,0.15151515151515152,0.6439393939393939,0.6333333333333333,0.47702020202020207,medio
2025-06,M26,P06,25,250,13.16,0.73,3.39,232.72,21226,20152,683,19469,0.03389241762604208,137,55,124,126,26,51,41,0,123,D01,C01,8,1,33,11,9,3,7,9,6,6,0,0,93,203.41,F03,33,0,72,21,45.93,3,6,21760.0,4.6149265581579995,2.1872043010752686,89.0,187.95,0.02957655919904473,0.0,2.0,19970.0,2025-07,0.4318181818181818,0.16666666666666666,0.503030303030303,0.15151515151515152,0.30303030303030304,0.44545454545454544,0.3335858585858586,bajo
2025-07,M26,P06,27,270,13.17,1.0,3.13,252.7,23000,21774,644,21130,0.02957655919904473,116,45,149,58,23,95,27,0,131,D03,C01,9,1,34,13,9,4,4,9,2,4,0,0,89,187.95,F03,34,0,69,16,33.79,2,7,19970.0,4.087443740240654,2.1117977528089886,84.0,148.29,0.03187799895481971,0.0,2.0,19070.0,2025-08,0.29848484848484846,0.03333333333333333,0.6,0.15151515151515152,0.30303030303030304,0.33636363636363636,0.2871212121212121,bajo
2025-08,M26,P06,26,260,13.16,0.8,2.47,243.57,22119,21049,671,20378,0.03187799895481971,161,24,175,108,18,74,35,0,76,D03,C01,8,3,35,10,11,1,2,8,3,3,0,0,84,148.29,F03,35,0,69,17,30.01,2,8,19070.0,3.9906883937479214,1.7653571428571428,83.0,187.1,0.02450646698434309,0.0,2.0,18374.0,2025-09,0.2727272727272727,0.15454545454545454,0.23636363636363636,0.15151515151515152,0.30303030303030304,0.27575757575757576,0.23232323232323235,bajo
2025-09,M26,P06,26,260,13.16,1.0,3.12,242.72,21723,20566,504,20062,0.02450646698434309,114,50,114,51,23,47,14,0,91,D03,C01,6,4,35,6,9,3,5,9,2,4,0,0,83,187.1,F03,35,0,68,16,36.07,2,9,18374.0,4.035787221627929,2.2542168674698795,90.0,190.14,0.024768369874323456,0.0,2.0,19896.0,2025-10,0.4590909090909091,0.17272727272727273,0.24848484848484848,0.15151515151515152,0.30303030303030304,0.43333333333333335,0.29469696969696973,bajo
2025-10,M26,P06,27,270,14.17,0.93,3.17,251.73,22915,21802,540,21262,0.024768369874323456,115,13,181,93,25,0,47,0,66,D03,C05,7,4,36,12,10,6,2,6,3,4,0,0,90,190.14,F03,36,0,73,18,38.03,2,10,19896.0,4.128061645720575,2.1126666666666667,94.0,653.81,0.02418200408997955,1.0,2.0,19386.0,2025-11,0.5424242424242425,0.9606060606060606,0.20606060606060606,0.3878787878787879,0.30303030303030304,0.38181818181818183,0.4636363636363636,medio
2025-11,M26,P06,25,250,12.15,0.8,10.9,226.15,21311,19560,473,19087,0.02418200408997955,107,4,146,66,7,51,0,0,92,D03,C01,6,4,43,12,9,4,3,9,1,2,0,1,94,653.81,F03,43,1,63,14,97.38,2,11,19386.0,4.805725971370143,6.955425531914893,86.0,199.14,0.025426456388799486,0.0,2.0,19224.0,2025-12,0.346969696969697,0.20303030303030303,0.2909090909090909,0.15151515151515152,0.30303030303030304,0.36363636363636365,0.27651515151515155,bajo
2025-01,M27,P06,27,270,14.17,1.13,6.16,248.53,22897,21304,1059,20245,0.04970897484040556,164,137,222,181,31,71,42,0,211,D03,C10,8,5,61,14,12,4,7,13,5,10,0,0,139,369.66,F03,61,0,83,28,74.46,5,1,30234.0,6.524596319939917,2.659424460431655,125.0,327.48,0.04974415783088041,0.0,4.0,27770.0,2025-02,0.9181818181818182,0.6515151515151515,0.9787878787878788,0.15151515151515152,0.8393939393939394,0.9090909090909091,0.7414141414141414,alto
2025-02,M27,P06,24,240,12.15,0.9,5.46,221.49,20403,18957,943,18014,0.04974415783088041,166,95,281,119,68,91,15,0,108,D03,C10,8,3,55,15,14,4,3,9,5,9,0,0,125,327.48,F03,55,0,73,25,65.5,4,2,27770.0,6.593870338133671,2.61984,134.0,301.64,0.04702073164838351,0.0,4.0,29810.0,2025-03,0.9757575757575757,0.5515151515151515,0.9545454545454546,0.15151515151515152,0.8393939393939394,0.9727272727272728,0.7409090909090909,alto
2025-03,M27,P06,26,260,13.16,0.7,5.03,241.11,22128,20693,973,19720,0.04702073164838351,154,73,289,131,53,62,6,0,205,D03,C10,8,3,54,20,15,5,3,12,6,8,0,0,134,301.64,F03,54,0,77,25,56.28,4,3,29810.0,6.475619774803073,2.251044776119403,123.0,257.82,0.04722316206679878,0.0,5.0,28182.0,2025-04,0.9045454545454545,0.4121212121212121,0.9606060606060606,0.15151515151515152,0.9378787878787879,0.9333333333333333,0.7166666666666667,alto
2025-04,M27,P06,26,260,13.16,0.9,4.3,241.64,22110,20689,977,19712,0.04722316206679878,190,23,207,136,43,133,48,0,197,D03,C01,9,5,49,12,15,3,6,11,7,6,0,0,123,257.82,F03,49,0,79,27,56.6,5,4,28182.0,5.945188264295036,2.09609756097561,114.0,392.6,0.03448923973310779,1.0,4.0,24926.0,2025-05,0.8303030303030303,0.8212121212121212,0.7121212121212122,0.3878787878787879,0.8393939393939394,0.8121212121212121,0.7338383838383837,alto
2025-05,M27,P06,27,270,13.17,1.0,6.54,249.29,23000,21282,734,20548,0.03448923973310779,167,59,173,87,37,59,6,0,146,D03,C01,10,5,49,14,12,4,4,8,2,5,0,1,114,392.6,F03,49,1,76,23,79.21,4,5,24926.0,5.356639413588948,3.4438596491228073,133.0,366.65,0.05038499302361635,0.0,6.0,31816.0,2025-06,0.9696969696969697,0.7545454545454545,0.9848484848484849,0.15151515151515152,0.9863636363636363,0.990909090909091,0.8063131313131313,alto
2025-06,M27,P06,25,250,13.16,0.97,6.11,229.76,20828,19351,975,18376,0.05038499302361635,244,65,190,140,62,106,6,0,162,D01,C01,12,6,46,12,16,4,8,14,5,10,0,0,133,366.65,F03,46,0,84,33,90.97,6,6,31816.0,6.873029817580487,2.7567669172932328,134.0,471.75,0.0466519014184063,1.0,5.0,29922.0,2025-07,0.9757575757575757,0.9242424242424242,0.9393939393939394,0.3878787878787879,0.9378787878787879,0.9787878787878788,0.8573232323232323,alto
2025-07,M27,P06,27,270,13.17,0.83,7.86,248.14,23015,21221,990,20231,0.0466519014184063,124,94,242,133,51,100,30,0,216,D03,C10,6,3,54,13,10,5,10,13,6,13,0,1,134,471.75,F03,54,1,82,29,102.09,5,7,29922.0,6.314499787945903,3.5205223880597014,117.0,238.97,0.0430039755648211,0.0,4.0,25832.0,2025-08,0.853030303030303,0.35454545454545455,0.8939393939393939,0.15151515151515152,0.8393939393939394,0.8545454545454545,0.6578282828282828,alto
2025-08,M27,P06,26,260,13.16,1.0,3.98,241.85,22101,20626,887,19739,0.0430039755648211,154,81,253,83,44,61,30,0,181,D03,C10,9,2,51,10,13,6,7,10,3,6,0,0,117,238.97,F03,51,0,72,20,40.85,4,8,25832.0,5.672452244739649,2.0424786324786326,127.0,287.1,0.045617087078380206,0.0,5.0,28018.0,2025-09,0.943939393939394,0.4909090909090909,0.9272727272727272,0.15151515151515152,0.9378787878787879,0.9181818181818182,0.7282828282828283,alto
2025-09,M27,P06,26,260,13.16,0.77,4.78,241.29,22122,20694,944,19750,0.045617087078380206,117,93,215,188,31,108,48,0,144,D03,C10,6,7,58,11,15,3,1,12,6,8,0,0,127,287.1,F03,58,0,79,27,61.04,5,9,28018.0,6.137044553976998,2.260629921259843,126.0,278.72,0.040598489792113356,0.0,5.0,26926.0,2025-10,0.9333333333333333,0.4696969696969697,0.8545454545454545,0.15151515151515152,0.9378787878787879,0.8757575757575757,0.7037878787878787,alto
2025-10,M27,P06,27,270,14.17,0.9,4.65,250.28,22918,21454,871,20583,0.040598489792113356,127,90,197,129,48,39,57,0,184,D03,C10,7,9,55,10,10,6,7,10,6,6,0,0,126,278.72,F03,55,0,83,28,61.94,5,10,26926.0,5.8730306702712785,2.2120634920634923,131.0,367.78,0.05016481252575196,0.0,5.0,28188.0,2025-11,0.9636363636363636,0.7606060606060606,0.9818181818181818,0.15151515151515152,0.9378787878787879,0.9363636363636364,0.7886363636363636,alto
2025-11,M27,P06,25,250,12.15,0.7,6.13,231.02,20943,19416,974,18442,0.05016481252575196,138,95,250,117,32,184,0,0,158,D03,C10,7,7,56,17,12,2,9,8,2,11,0,0,131,367.78,F03,56,0,76,27,75.8,5,11,28188.0,6.747012772970746,2.807480916030534,137.0,718.06,0.03658185309649544,1.0,4.0,29510.0,2025-12,0.9893939393939394,0.9636363636363636,0.7757575757575758,0.3878787878787879,0.8393939393939394,0.9636363636363636,0.819949494949495,alto
2025-01,M28,P05,27,270,14.17,1.32,5.59,248.92,22880,21484,749,20735,0.0348631539750512,177,57,178,80,17,88,12,61,79,D03,C01,10,2,44,15,13,1,5,11,3,4,3,0,111,335.53,F03,44,3,77,22,66.5,3,1,25140.0,5.166635635822007,3.0227927927927927,99.0,304.03,0.037746745065098695,2.0,3.0,22324.0,2025-02,0.6636363636363637,0.5636363636363636,0.793939393939394,0.5621212121212121,0.6439393939393939,0.6848484848484848,0.652020202020202,alto
2025-02,M28,P05,24,240,12.15,1.29,5.07,221.49,20366,19048,719,18329,0.037746745065098695,197,71,111,70,21,41,20,50,138,D01,C01,9,3,39,9,6,5,3,13,4,6,2,0,99,304.03,F03,39,2,72,24,73.7,3,2,22324.0,5.197396052078958,3.0710101010101005,102.0,447.17,0.0370099829559289,3.0,4.0,23936.0,2025-03,0.7136363636363636,0.9030303030303031,0.7818181818181819,0.740909090909091,0.8393939393939394,0.7575757575757576,0.7893939393939394,alto
2025-03,M28,P05,26,260,13.16,1.25,7.45,238.14,22077,20535,760,19775,0.0370099829559289,92,140,163,75,48,70,15,58,99,D03,C10,9,1,42,12,11,2,5,3,3,11,3,0,102,447.17,F03,42,3,79,27,118.37,4,3,23936.0,4.967129291453616,4.384019607843137,86.0,381.85,0.03622623110677718,4.0,3.0,20848.0,2025-04,0.346969696969697,0.796969696969697,0.7696969696969697,0.8833333333333333,0.6439393939393939,0.5303030303030303,0.6618686868686868,alto
2025-04,M28,P05,26,260,13.16,1.51,6.36,238.96,22055,20510,743,19767,0.03622623110677718,75,58,152,76,40,122,11,89,120,D03,C10,6,2,30,9,11,1,1,13,1,8,4,0,86,381.85,F03,30,4,73,21,93.24,3,4,20848.0,4.193076548025354,4.440116279069768,101.0,782.27,0.037099332019799126,4.0,3.0,21976.0,2025-05,0.696969696969697,0.9818181818181818,0.7848484848484848,0.8833333333333333,0.6439393939393939,0.6545454545454545,0.7742424242424243,alto
2025-05,M28,P05,27,270,13.17,1.65,13.04,242.14,22939,20809,772,20037,0.037099332019799126,109,46,166,113,17,157,14,68,82,D03,C10,7,2,46,12,11,3,4,5,3,4,3,1,101,782.27,F03,46,4,73,20,154.91,3,5,21976.0,4.8536690854918545,7.745247524752475,92.0,279.96,0.035001257229067134,1.0,3.0,21792.0,2025-06,0.5,0.4727272727272727,0.7181818181818181,0.3878787878787879,0.6439393939393939,0.6393939393939394,0.5603535353535354,medio
2025-06,M28,P05,25,250,13.16,1.12,4.67,231.05,21190,19885,696,19189,0.035001257229067134,110,71,159,96,30,54,11,38,127,D03,C05,7,3,31,7,12,5,9,9,1,7,1,0,92,279.96,F03,31,1,70,19,57.82,3,6,21792.0,4.626602967060599,3.0430434782608695,103.0,355.66,0.03264150067325997,3.0,4.0,23050.0,2025-07,0.7257575757575757,0.7272727272727273,0.6303030303030303,0.740909090909091,0.8393939393939394,0.7212121212121212,0.7308080808080808,alto
2025-07,M28,P05,27,270,13.17,1.47,5.93,249.43,22956,21537,703,20834,0.03264150067325997,116,70,154,58,71,54,28,78,74,D03,C10,7,4,43,11,8,2,4,9,4,8,3,0,103,355.66,F03,43,3,79,26,89.78,4,7,23050.0,4.782467381715188,3.453009708737864,100.0,399.52,0.03615747724950119,4.0,3.0,23002.0,2025-08,0.6787878787878788,0.8363636363636363,0.7606060606060606,0.8833333333333333,0.6439393939393939,0.7181818181818181,0.7535353535353536,alto
2025-08,M28,P05,26,260,13.16,1.38,6.66,238.8,22067,20549,743,19806,0.03615747724950119,92,83,137,83,46,29,43,74,156,D09,C10,3,4,36,10,10,7,6,6,5,9,4,0,100,399.52,F03,36,4,77,25,99.88,3,8,23002.0,4.866416857267994,3.9951999999999996,103.0,361.02,0.03070047605168561,2.0,3.0,22362.0,2025-09,0.7257575757575757,0.7363636363636363,0.5545454545454546,0.5621212121212121,0.6439393939393939,0.693939393939394,0.6527777777777778,alto
2025-09,M28,P05,26,260,13.16,1.44,6.02,239.38,22059,20586,632,19954,0.03070047605168561,63,45,199,57,64,17,31,53,103,D03,C10,4,4,49,9,8,4,2,6,5,10,2,0,103,361.02,F03,49,2,77,25,87.63,3,9,22362.0,5.00340036918294,3.50504854368932,100.0,272.7,0.034069810620126255,2.0,3.0,21022.0,2025-10,0.6787878787878788,0.4484848484848485,0.696969696969697,0.5621212121212121,0.6439393939393939,0.5606060606060606,0.5984848484848485,medio
2025-10,M28,P05,27,270,14.17,1.36,4.54,249.92,22877,21544,734,20810,0.034069810620126255,112,82,149,79,32,145,26,35,74,D03,C10,5,3,47,13,8,2,1,10,4,5,2,0,100,272.7,F03,47,2,74,19,51.81,3,10,21022.0,4.641663572224285,2.727,89.0,384.18,0.03166759114517674,4.0,3.0,19718.0,2025-11,0.4318181818181818,0.803030303030303,0.5848484848484848,0.8833333333333333,0.6439393939393939,0.4121212121212121,0.6265151515151516,medio
2025-11,M28,P05,25,250,12.15,1.23,6.4,230.21,21269,19831,628,19203,0.03166759114517674,124,60,146,31,33,44,0,56,134,D03,C10,6,3,38,9,6,3,3,8,0,9,4,0,89,384.18,F03,38,4,71,22,94.97,3,11,19718.0,4.48792294891836,4.3166292134831465,108.0,367.5,0.0355040642810427,3.0,3.0,23480.0,2025-12,0.7757575757575758,0.7575757575757576,0.7363636363636363,0.740909090909091,0.6439393939393939,0.7363636363636363,0.7318181818181818,alto
2025-01,M29,P05,27,270,14.17,1.3,5.87,248.66,22882,21513,682,20831,0.03170176172546832,146,40,150,97,22,53,29,76,69,D03,C01,12,4,34,9,10,1,6,8,4,4,3,0,95,352.41,F03,34,3,82,27,100.16,3,1,22714.0,4.415934551201599,3.7095789473684215,71.0,162.63,0.02710641587219789,1.0,2.0,16692.0,2025-02,0.05606060606060606,0.05757575757575758,0.36363636363636365,0.3878787878787879,0.30303030303030304,0.12727272727272726,0.2159090909090909,bajo
2025-02,M29,P05,24,240,12.15,1.27,2.71,223.87,20369,19405,526,18879,0.02710641587219789,145,10,135,50,12,56,0,28,90,D01,C01,10,1,26,6,8,6,5,4,2,2,1,0,71,162.63,F03,26,1,64,16,36.65,2,2,16692.0,3.658850811646483,2.2905633802816903,88.0,409.04,0.03196015859201238,4.0,2.0,21058.0,2025-03,0.3984848484848485,0.8454545454545455,0.603030303030303,0.8833333333333333,0.30303030303030304,0.5727272727272728,0.6010101010101011,medio
2025-03,M29,P05,26,260,13.16,1.26,6.82,238.76,22076,20682,661,20021,0.03196015859201238,113,84,128,56,41,78,16,62,83,D03,C10,6,2,31,9,10,4,2,10,1,9,4,0,88,409.04,F03,31,4,74,22,102.26,2,3,21058.0,4.254907649163524,4.648181818181818,81.0,238.54,0.024214690881357546,2.0,2.0,17450.0,2025-04,0.21818181818181817,0.3424242424242424,0.20909090909090908,0.5621212121212121,0.30303030303030304,0.19696969696969696,0.3053030303030303,bajo
2025-04,M29,P05,26,260,13.16,1.21,3.98,241.66,22083,20979,508,20471,0.024214690881357546,139,14,110,55,14,58,0,45,73,D01,C01,8,2,35,8,6,5,5,6,1,3,2,0,81,238.54,F03,35,2,68,16,47.12,2,4,17450.0,3.8610038610038613,2.944938271604938,81.0,314.97,0.02441175105583144,4.0,2.0,17732.0,2025-05,0.21818181818181817,0.6,0.22727272727272727,0.8833333333333333,0.30303030303030304,0.21212121212121213,0.4073232323232323,medio
2025-05,M29,P05,27,270,13.17,1.47,5.25,250.12,22956,21547,526,21021,0.02441175105583144,122,17,125,41,23,49,5,101,43,D03,C01,7,2,33,11,5,1,4,8,3,3,4,0,81,314.97,F03,33,4,72,19,73.88,2,5,17732.0,3.759224021905602,3.8885185185185187,88.0,207.03,0.030230826507818317,0.0,2.0,18730.0,2025-06,0.3984848484848485,0.23939393939393938,0.5303030303030303,0.15151515151515152,0.30303030303030304,0.3151515151515151,0.322979797979798,bajo
2025-06,M29,P05,25,250,13.16,1.17,3.45,232.22,21184,20145,609,19536,0.030230826507818317,91,66,129,98,28,34,54,0,109,D03,C10,4,4,39,10,7,4,4,6,4,6,0,0,88,207.03,F03,39,0,69,18,42.35,2,6,18730.0,4.3683296103251426,2.3526136363636363,83.0,299.93,0.03224169741697417,2.0,3.0,19686.0,2025-07,0.2727272727272727,0.5424242424242425,0.6121212121212121,0.5621212121212121,0.6439393939393939,0.4090909090909091,0.5070707070707071,medio
2025-07,M29,P05,27,270,13.17,1.39,5.0,250.44,22962,21680,699,20981,0.03224169741697417,166,69,111,37,55,88,16,40,117,D01,C10,9,2,32,9,7,4,1,6,2,9,2,0,83,299.93,F03,32,2,77,24,86.73,3,7,19686.0,3.8284132841328415,3.6136144578313254,75.0,175.64,0.02120461259887544,2.0,1.0,16410.0,2025-08,0.10151515151515152,0.10303030303030303,0.10303030303030303,0.5621212121212121,0.04696969696969697,0.10757575757575757,0.1707070707070707,bajo
2025-08,M29,P05,26,260,13.16,1.74,2.93,242.17,22035,20986,445,20541,0.02120461259887544,108,25,110,23,22,46,0,48,63,D03,C01,6,0,35,4,8,4,4,8,2,2,2,0,75,175.64,F03,35,2,64,12,28.1,1,8,16410.0,3.5738111121700182,2.3418666666666663,81.0,187.62,0.027877055039313797,1.0,2.0,18680.0,2025-09,0.21818181818181817,0.15757575757575756,0.4121212121212121,0.3878787878787879,0.30303030303030304,0.3,0.2964646464646465,bajo
2025-09,M29,P05,26,260,13.16,1.33,3.13,242.38,22072,20985,585,20400,0.027877055039313797,146,6,128,78,15,83,13,31,85,D01,C01,10,1,27,14,9,4,4,7,2,2,1,0,81,187.62,F03,27,1,68,16,37.06,2,9,18680.0,3.8598999285203717,2.3162962962962963,90.0,303.09,0.022260353383109957,3.0,2.0,20352.0,2025-10,0.4590909090909091,0.5545454545454546,0.13636363636363635,0.740909090909091,0.30303030303030304,0.47878787878787876,0.4454545454545455,medio
2025-10,M29,P05,27,270,14.17,1.53,5.05,249.25,22866,21563,480,21083,0.022260353383109957,100,29,114,61,5,35,16,51,69,D03,C01,6,4,29,15,10,5,2,11,3,2,3,0,90,303.09,F03,29,3,73,18,60.62,2,10,20352.0,4.173816259333117,3.3676666666666666,92.0,324.44,0.03349689565391548,2.0,2.0,20514.0,2025-11,0.5,0.6424242424242425,0.6757575757575758,0.5621212121212121,0.30303030303030304,0.5,0.5305555555555556,medio
2025-11,M29,P05,25,250,12.15,1.48,5.41,230.96,21249,19972,669,19303,0.03349689565391548,70,63,124,113,21,80,37,61,100,D03,C09,5,2,37,9,7,3,9,6,5,7,2,0,92,324.44,F03,37,2,70,21,74.06,2,11,20514.0,4.606449028640096,3.526521739130435,85.0,232.6,0.02342417116244755,1.0,2.0,18180.0,2025-12,0.32575757575757575,0.3181818181818182,0.18484848484848485,0.3878787878787879,0.30303030303030304,0.24545454545454545,0.29419191919191917,bajo
2025-01,M30,P14,27,270,14.17,0.72,13.0,242.1,29125,26571,750,25821,0.028226261713898613,146,45,172,122,27,71,43,38,86,D03,C01,8,2,42,10,11,3,4,9,6,5,1,1,102,780.27,F03,42,2,78,23,175.94,3,1,23368.0,3.838771593090211,7.649705882352941,89.0,247.76,0.02388619410589818,2.0,2.0,19496.0,2025-02,0.4318181818181818,0.38181818181818183,0.19090909090909092,0.5621212121212121,0.30303030303030304,0.3939393939393939,0.37727272727272726,medio
2025-02,M30,P11,24,240,12.15,0.6,4.13,223.12,26104,24533,586,23947,0.02388619410589818,77,23,136,147,19,48,6,38,92,D04,C09,5,0,34,15,8,4,4,9,4,4,2,0,89,247.76,F03,34,2,63,15,41.76,2,2,19496.0,3.627766681612522,2.783820224719101,93.0,275.55,0.023129901668060036,1.0,3.0,19800.0,2025-03,0.5242424242424243,0.45454545454545453,0.1606060606060606,0.3878787878787879,0.6439393939393939,0.41818181818181815,0.43156565656565654,medio
2025-03,M30,P12,26,260,13.16,1.12,4.59,241.12,26851,25119,581,24538,0.023129901668060036,120,60,126,63,18,63,17,15,99,D03,C10,6,4,44,9,7,3,3,7,2,7,1,0,93,275.55,F03,44,1,72,20,59.26,3,3,19800.0,3.7023766869700228,2.9629032258064516,99.0,228.44,0.0262819056275089,0.0,3.0,21998.0,2025-04,0.6636363636363637,0.296969696969697,0.3424242424242424,0.15151515151515152,0.6439393939393939,0.6575757575757576,0.4593434343434344,medio
2025-04,M30,P11,26,260,13.16,0.86,3.81,242.17,28030,26406,694,25712,0.0262819056275089,60,90,173,101,27,83,61,0,99,D03,C10,3,4,43,10,13,1,5,8,6,6,0,0,99,228.44,F03,43,0,71,19,43.84,3,4,21998.0,3.749147920927062,2.3074747474747475,118.0,299.46,0.030877326243828333,2.0,3.0,25810.0,2025-05,0.8666666666666667,0.5393939393939394,0.5636363636363636,0.5621212121212121,0.6439393939393939,0.8515151515151516,0.6712121212121213,alto
2025-05,M30,P15,27,270,13.17,0.96,4.99,250.88,28087,26330,813,25517,0.030877326243828333,181,94,176,86,17,92,29,50,88,D01,C01,9,2,48,14,10,5,8,11,4,5,2,0,118,299.46,F03,48,2,75,22,55.83,3,5,25810.0,4.481579946828712,2.5377966101694915,97.0,256.68,0.030362140615723857,1.0,3.0,22134.0,2025-06,0.6181818181818182,0.4090909090909091,0.5363636363636364,0.3878787878787879,0.6439393939393939,0.6757575757575758,0.5452020202020202,medio
2025-06,M30,P12,25,250,13.16,1.1,4.28,231.46,25046,23582,716,22866,0.030362140615723857,148,78,166,106,46,29,28,25,90,D03,C10,7,2,40,11,12,2,5,7,3,7,1,0,97,256.68,F03,40,1,71,20,52.92,3,6,22134.0,4.113306759392757,2.6461855670103094,100.0,320.49,0.029421998840131452,3.0,3.0,21966.0,2025-07,0.6787878787878788,0.6272727272727273,0.49696969696969695,0.740909090909091,0.6439393939393939,0.6484848484848484,0.6393939393939394,medio
2025-07,M30,P13,27,270,13.17,1.01,5.34,250.48,27606,25865,761,25104,0.029421998840131452,192,36,204,95,8,64,6,78,78,D03,C01,10,5,37,16,9,5,4,7,2,2,3,0,100,320.49,F03,37,3,75,22,70.51,3,7,21966.0,3.8662284941040013,3.2049000000000003,108.0,326.9,0.027987958668944758,3.0,4.0,24754.0,2025-08,0.7757575757575758,0.6454545454545455,0.4212121212121212,0.740909090909091,0.8393939393939394,0.8,0.7037878787878787,alto
2025-08,M30,P13,26,260,13.16,0.89,5.45,240.5,26247,24582,688,23894,0.027987958668944758,135,61,177,116,24,30,29,67,49,D03,C01,9,4,44,11,12,1,4,10,5,5,3,0,108,326.9,F03,44,3,78,26,78.7,4,8,24754.0,4.393458628264584,3.0268518518518515,82.0,204.93,0.020730809470298758,1.0,2.0,17766.0,2025-09,0.24848484848484848,0.22727272727272727,0.07878787878787878,0.3878787878787879,0.30303030303030304,0.21515151515151515,0.24343434343434342,bajo
2025-09,M30,P15,26,260,13.16,0.84,3.42,242.58,27246,25807,535,25272,0.020730809470298758,107,14,172,92,16,20,46,20,48,D03,C05,6,1,41,9,9,3,0,4,3,5,1,0,82,204.93,F03,41,1,68,16,39.99,2,9,17766.0,3.1774324795598092,2.4991463414634145,101.0,305.26,0.027154898218829517,2.0,3.0,21566.0,2025-10,0.696969696969697,0.5666666666666667,0.37272727272727274,0.5621212121212121,0.6439393939393939,0.6181818181818182,0.5767676767676768,medio
2025-10,M30,P13,27,270,14.17,1.24,5.09,249.5,26815,25152,683,24469,0.027154898218829517,139,62,158,63,10,84,17,41,109,D03,C01,8,4,42,13,7,2,7,10,1,5,2,0,101,305.26,F03,42,2,75,20,60.45,3,10,21566.0,4.01558524173028,3.0223762376237624,97.0,361.68,0.028271715491876678,3.0,3.0,21442.0,2025-11,0.6181818181818182,0.7393939393939394,0.43636363636363634,0.740909090909091,0.6439393939393939,0.6090909090909091,0.6313131313131314,medio
2025-11,M30,P15,25,250,12.15,1.16,6.03,230.65,25122,23451,663,22788,0.028271715491876678,101,78,183,76,32,26,0,68,99,D03,C05,6,6,38,13,10,2,5,7,0,7,3,0,97,361.68,F03,38,3,71,22,82.03,3,11,21442.0,4.136284166986482,3.7286597938144332,111.0,321.36,0.032094844142413946,2.0,4.0,24040.0,2025-12,0.8136363636363636,0.6333333333333333,0.6060606060606061,0.5621212121212121,0.8393939393939394,0.7606060606060606,0.7025252525252524,alto
